{
    "function": "minecraft:set_custom_model_data",
    "value": 106001,
    "conditions": [
      {
        "condition": "minecraft:entity_properties",
        "entity": "this",
        "predicate": {
          "type_specific": {
            "type": "minecraft:player"
          },
          "equipment": {
            "mainhand": {
              "components": {
                "minecraft:custom_data": "{Ball:1b}"
              }
            }
          }
        }
      }
    ]
  }