{"stats":{"minecraft:mined":{"minecraft:spruce_door":2,"minecraft:crafting_table":6,"minecraft:granite":3,"minecraft:short_grass":1,"minecraft:grass_block":4,"minecraft:spruce_leaves":21,"minecraft:chiseled_tuff_bricks":1,"minecraft:diorite":9,"minecraft:tuff_bricks":6,"minecraft:iron_ore":2,"minecraft:spruce_log":51,"minecraft:andesite":2,"minecraft:coal_ore":19,"minecraft:oak_log":4,"minecraft:dirt":50,"minecraft:gravel":3,"minecraft:sand":20,"minecraft:stone":144,"minecraft:oak_leaves":5},"minecraft:custom":{"minecraft:interact_with_smithing_table":1,"minecraft:mob_kills":14,"minecraft:interact_with_crafting_table":11,"minecraft:time_since_death":46603,"minecraft:time_since_rest":46603,"minecraft:sprint_one_cm":117038,"minecraft:damage_taken":229,"minecraft:walk_one_cm":132843,"minecraft:drop":9,"minecraft:damage_dealt":1508,"minecraft:swim_one_cm":20870,"minecraft:fly_one_cm":129617,"minecraft:open_chest":2,"minecraft:crouch_one_cm":464,"minecraft:play_time":46603,"minecraft:sneak_time":220,"minecraft:walk_under_water_one_cm":2393,"minecraft:boat_one_cm":130970,"minecraft:jump":654,"minecraft:walk_on_water_one_cm":7165,"minecraft:total_world_time":46603,"minecraft:interact_with_smoker":7,"minecraft:fall_one_cm":5939},"minecraft:broken":{"minecraft:stone_pickaxe":1,"minecraft:wooden_axe":1},"minecraft:used":{"minecraft:diorite":4,"minecraft:spruce_door":5,"minecraft:stone_pickaxe":131,"minecraft:wooden_pickaxe":55,"minecraft:rotten_flesh":1,"minecraft:dirt":7,"minecraft:sand":3,"minecraft:crafting_table":7,"minecraft:smoker":1,"minecraft:spruce_boat":6,"minecraft:wooden_axe":44,"minecraft:bread":3,"minecraft:stone_axe":17,"minecraft:cooked_rabbit":3},"minecraft:dropped":{"minecraft:wooden_axe":2,"minecraft:stone_pickaxe":4,"minecraft:cooked_rabbit":3},"minecraft:picked_up":{"minecraft:crafting_table":6,"minecraft:andesite":2,"minecraft:leather":2,"minecraft:oak_log":4,"minecraft:gunpowder":3,"minecraft:dirt":56,"minecraft:bone":1,"minecraft:wheat_seeds":1,"minecraft:rabbit_hide":5,"minecraft:beef":4,"minecraft:stone_pickaxe":2,"minecraft:rabbit":6,"minecraft:stick":13,"minecraft:raw_iron":2,"minecraft:gravel":4,"minecraft:porkchop":3,"minecraft:sand":21,"minecraft:spruce_sapling":12,"minecraft:diorite":9,"minecraft:spruce_log":51,"minecraft:spruce_door":2,"minecraft:rotten_flesh":1,"minecraft:spruce_boat":5,"minecraft:granite":3,"minecraft:tuff_bricks":6,"minecraft:oak_sapling":1,"minecraft:coal":16,"minecraft:chiseled_tuff_bricks":1,"minecraft:cobblestone":140},"minecraft:crafted":{"minecraft:oak_planks":16,"minecraft:crafting_table":2,"minecraft:spruce_planks":28,"minecraft:wooden_pickaxe":1,"minecraft:cooked_chicken":2,"minecraft:spruce_door":3,"minecraft:furnace":2,"minecraft:stone_axe":1,"minecraft:air":0,"minecraft:stick":4,"minecraft:stone_pickaxe":3,"minecraft:wooden_axe":3,"minecraft:spruce_boat":3,"minecraft:cooked_rabbit":6,"minecraft:smoker":1},"minecraft:killed":{"minecraft:pig":2,"minecraft:rabbit":5,"minecraft:spider":1,"minecraft:creeper":2,"minecraft:zombie":2,"minecraft:cow":2}},"DataVersion":3955}