{"stats":{"minecraft:mined":{"minecraft:spruce_log":50,"minecraft:crafting_table":5,"minecraft:oak_log":4,"minecraft:gravel":3,"minecraft:sand":14,"minecraft:dirt":44,"minecraft:spruce_leaves":21,"minecraft:stone":95,"minecraft:oak_leaves":5},"minecraft:custom":{"minecraft:time_since_rest":22603,"minecraft:sprint_one_cm":42023,"minecraft:damage_taken":200,"minecraft:walk_one_cm":49555,"minecraft:mob_kills":1,"minecraft:drop":6,"minecraft:damage_dealt":200,"minecraft:interact_with_crafting_table":10,"minecraft:fly_one_cm":48477,"minecraft:play_time":22603,"minecraft:boat_one_cm":78775,"minecraft:jump":202,"minecraft:time_since_death":22603,"minecraft:total_world_time":22603,"minecraft:fall_one_cm":2537},"minecraft:used":{"minecraft:spruce_boat":4,"minecraft:wooden_axe":30,"minecraft:stone_pickaxe":71,"minecraft:wooden_pickaxe":24,"minecraft:rotten_flesh":1,"minecraft:dirt":5,"minecraft:crafting_table":6},"minecraft:dropped":{"minecraft:wooden_axe":2,"minecraft:stone_pickaxe":4},"minecraft:picked_up":{"minecraft:stick":13,"minecraft:crafting_table":5,"minecraft:gravel":4,"minecraft:sand":15,"minecraft:oak_log":4,"minecraft:spruce_sapling":12,"minecraft:spruce_log":50,"minecraft:dirt":46,"minecraft:rotten_flesh":1,"minecraft:spruce_boat":2,"minecraft:stone_pickaxe":2,"minecraft:oak_sapling":1,"minecraft:cobblestone":93},"minecraft:crafted":{"minecraft:oak_planks":16,"minecraft:crafting_table":1,"minecraft:spruce_planks":24,"minecraft:stick":4,"minecraft:wooden_pickaxe":1,"minecraft:stone_pickaxe":3,"minecraft:wooden_axe":3,"minecraft:spruce_door":3,"minecraft:furnace":2,"minecraft:spruce_boat":3,"minecraft:smoker":1},"minecraft:killed":{"minecraft:zombie":1}},"DataVersion":3955}