{"stats":{"minecraft:killed_by":{"minecraft:player":1},"minecraft:custom":{"minecraft:interact_with_smithing_table":12,"minecraft:open_barrel":1,"minecraft:leave_game":44,"minecraft:time_since_death":3323643,"minecraft:sprint_one_cm":6966605,"minecraft:walk_one_cm":8273566,"minecraft:drop":1058,"minecraft:play_time":4728440,"minecraft:deaths":9,"minecraft:sneak_time":72485,"minecraft:walk_under_water_one_cm":623777,"minecraft:jump":5984,"minecraft:walk_on_water_one_cm":13745,"minecraft:total_world_time":4938122,"minecraft:time_since_rest":3323643,"minecraft:damage_taken":8756,"minecraft:damage_dealt":9412,"minecraft:swim_one_cm":2616,"minecraft:fly_one_cm":22633839,"minecraft:player_kills":4,"minecraft:crouch_one_cm":49628,"minecraft:fall_one_cm":230511},"minecraft:used":{"minecraft:diorite_stairs":6,"minecraft:oak_fence":3,"minecraft:moss_block":4,"minecraft:tuff_bricks":146,"minecraft:light_blue_stained_glass_pane":6,"minecraft:waxed_exposed_cut_copper":33,"minecraft:iron_bars":475,"minecraft:polished_deepslate":317,"minecraft:smooth_quartz_slab":4,"minecraft:armor_stand":185,"minecraft:red_concrete":143,"minecraft:spruce_slab":32,"minecraft:carrot_on_a_stick":2415,"minecraft:white_concrete_powder":53,"minecraft:decorated_pot":39,"minecraft:spruce_planks":19,"minecraft:polished_tuff_wall":133,"minecraft:stone":368,"minecraft:warped_sign":13,"minecraft:quartz_stairs":20,"minecraft:debug_stick":9,"minecraft:brewing_stand":12,"minecraft:spyglass":4,"minecraft:red_nether_brick_slab":2,"minecraft:white_carpet":1,"minecraft:hopper":4,"minecraft:spruce_stairs":4,"minecraft:deepslate_tile_slab":5,"minecraft:orange_wool":1,"minecraft:stone_stairs":14,"minecraft:nether_brick_slab":6,"minecraft:warped_door":6,"minecraft:waxed_copper_grate":209,"minecraft:polished_granite_slab":1,"minecraft:tuff":3,"minecraft:beehive":10,"minecraft:spruce_fence":32,"minecraft:cyan_wool":10,"minecraft:blue_concrete":7,"minecraft:waxed_copper_trapdoor":15,"minecraft:fern":2,"minecraft:polished_deepslate_stairs":22,"minecraft:glass":114,"minecraft:dark_oak_planks":29,"minecraft:cyan_terracotta":190,"minecraft:quartz_pillar":62,"minecraft:black_stained_glass_pane":90,"minecraft:mangrove_stairs":5,"minecraft:waxed_cut_copper":30,"minecraft:quartz_slab":3,"minecraft:lantern":7,"minecraft:iron_block":49,"minecraft:grass_block":202,"minecraft:acacia_slab":1,"minecraft:polished_andesite_stairs":32,"minecraft:polished_deepslate_wall":212,"minecraft:quartz_block":176,"minecraft:cherry_trapdoor":1,"minecraft:tuff_brick_wall":232,"minecraft:tuff_wall":25,"minecraft:dark_oak_leaves":16,"minecraft:waxed_exposed_copper_trapdoor":14,"minecraft:dark_oak_slab":11,"minecraft:smooth_quartz":1131,"minecraft:mud_bricks":10,"minecraft:diorite_wall":22,"minecraft:pink_stained_glass_pane":5,"minecraft:barrel":6,"minecraft:waxed_exposed_cut_copper_slab":16,"minecraft:red_stained_glass_pane":7,"minecraft:waxed_cut_copper_slab":65,"minecraft:redstone_lamp":2,"minecraft:brown_carpet":27,"minecraft:warped_stairs":14,"minecraft:black_stained_glass":91,"minecraft:tall_grass":16,"minecraft:iron_trapdoor":21,"minecraft:mangrove_roots":40,"minecraft:white_stained_glass_pane":39,"minecraft:deepslate_tile_stairs":15,"minecraft:goat_horn":8,"minecraft:mangrove_slab":2,"minecraft:gray_bed":1,"minecraft:polished_diorite_stairs":3,"minecraft:skeleton_skull":2,"minecraft:stone_pressure_plate":1,"minecraft:cobbled_deepslate":14,"minecraft:large_fern":3,"minecraft:dark_prismarine_stairs":4,"minecraft:stripped_spruce_wood":40,"minecraft:pointed_dripstone":2,"minecraft:cobbled_deepslate_wall":15,"minecraft:short_grass":2,"minecraft:water_bucket":160,"minecraft:end_rod":24,"minecraft:light_blue_glazed_terracotta":3,"minecraft:wither_skeleton_skull":16,"minecraft:birch_planks":99,"minecraft:gray_carpet":10,"minecraft:mangrove_planks":62,"minecraft:red_stained_glass":1,"minecraft:dark_oak_sign":36,"minecraft:acacia_trapdoor":1,"minecraft:polished_andesite":137,"minecraft:prismarine":152,"minecraft:lime_wool":16,"minecraft:oak_planks":2,"minecraft:birch_wood":12,"minecraft:polished_diorite_slab":17,"minecraft:smooth_sandstone_slab":18,"minecraft:leather_chestplate":1,"minecraft:spruce_sign":16,"minecraft:cauldron":5,"minecraft:spruce_fence_gate":8,"minecraft:deepslate_bricks":1,"minecraft:large_amethyst_bud":1,"minecraft:oak_leaves":2,"minecraft:smooth_quartz_stairs":44,"minecraft:white_wool":137,"minecraft:polished_blackstone_pressure_plate":4,"minecraft:polished_deepslate_slab":193,"minecraft:dark_oak_trapdoor":2,"minecraft:polished_tuff_stairs":104,"minecraft:sand":67,"minecraft:mangrove_trapdoor":20,"minecraft:light_blue_concrete":75,"minecraft:waxed_exposed_copper_grate":12,"minecraft:red_bed":2,"minecraft:light_blue_wool":13,"minecraft:bamboo_block":2,"minecraft:yellow_stained_glass_pane":5,"minecraft:campfire":21,"minecraft:white_bed":1,"minecraft:sponge":18,"minecraft:gray_concrete":520,"minecraft:smoker":2,"minecraft:warped_planks":96,"minecraft:dark_oak_door":14,"minecraft:black_terracotta":99,"minecraft:amethyst_cluster":1,"minecraft:polished_tuff":1434,"minecraft:deepslate_tile_wall":143,"minecraft:deepslate_tiles":427,"minecraft:polished_tuff_slab":1794,"minecraft:blue_stained_glass_pane":18,"minecraft:dark_prismarine":26,"minecraft:lever":3,"minecraft:flower_pot":15,"minecraft:light":3,"minecraft:black_concrete":260,"minecraft:warped_trapdoor":10,"minecraft:gray_stained_glass_pane":304,"minecraft:command_block":10,"minecraft:light_gray_concrete":2,"minecraft:oxidized_copper_trapdoor":2,"minecraft:stone_button":1,"minecraft:warped_slab":1,"minecraft:barrier":20,"minecraft:tuff_brick_stairs":33,"minecraft:gray_candle":1,"minecraft:cyan_concrete":46,"minecraft:stone_slab":117,"minecraft:red_terracotta":1,"minecraft:spruce_trapdoor":15,"minecraft:iron_door":17,"minecraft:polished_andesite_slab":35,"minecraft:tuff_brick_slab":15,"minecraft:soul_lantern":4,"minecraft:magenta_stained_glass_pane":3,"minecraft:chiseled_tuff_bricks":4,"minecraft:brown_stained_glass_pane":5,"minecraft:light_blue_concrete_powder":3,"minecraft:cyan_stained_glass_pane":1,"minecraft:mud_brick_wall":40,"minecraft:smithing_table":1,"minecraft:white_stained_glass":120,"minecraft:andesite_stairs":11,"minecraft:andesite":6,"minecraft:chain":3,"minecraft:glass_pane":24,"minecraft:repeating_command_block":6,"minecraft:smooth_stone_slab":46,"minecraft:polished_blackstone_button":9,"minecraft:white_concrete":103,"minecraft:gray_wool":21,"minecraft:bone_meal":6,"minecraft:smooth_stone":259},"minecraft:dropped":{"minecraft:waxed_copper_trapdoor":1,"minecraft:gray_stained_glass_pane":1,"minecraft:polished_tuff":1,"minecraft:carrot_on_a_stick":1041,"minecraft:polished_andesite_stairs":1,"minecraft:smooth_stone":2,"minecraft:polished_deepslate":1,"minecraft:red_concrete":1,"minecraft:prismarine":1,"minecraft:glass_pane":1,"minecraft:polished_tuff_wall":1,"minecraft:leather_chestplate":3,"minecraft:stone":1,"minecraft:quartz_block":1,"minecraft:iron_bars":1},"minecraft:picked_up":{"minecraft:light_blue_concrete":1,"minecraft:polished_tuff_wall":1,"minecraft:flower_pot":1,"minecraft:waxed_copper_trapdoor":1,"minecraft:polished_deepslate":1,"minecraft:glass_pane":1,"minecraft:smooth_stone":2,"minecraft:stone":1,"minecraft:gray_stained_glass_pane":1,"minecraft:quartz_block":1,"minecraft:decorated_pot":1,"minecraft:iron_bars":1,"minecraft:carrot_on_a_stick":1,"minecraft:prismarine":1,"minecraft:polished_andesite_stairs":1,"minecraft:polished_tuff":1,"minecraft:red_concrete":1}},"DataVersion":3953}