{"stats":{"minecraft:mined":{"minecraft:spruce_log":50,"minecraft:spruce_door":1,"minecraft:crafting_table":6,"minecraft:short_grass":1,"minecraft:grass_block":4,"minecraft:oak_log":4,"minecraft:gravel":3,"minecraft:sand":20,"minecraft:dirt":50,"minecraft:spruce_leaves":21,"minecraft:stone":96,"minecraft:oak_leaves":5},"minecraft:broken":{"minecraft:wooden_axe":1},"minecraft:custom":{"minecraft:interact_with_smithing_table":1,"minecraft:time_since_rest":34603,"minecraft:sprint_one_cm":97639,"minecraft:damage_taken":200,"minecraft:walk_one_cm":106136,"minecraft:mob_kills":12,"minecraft:drop":6,"minecraft:damage_dealt":1150,"minecraft:swim_one_cm":6266,"minecraft:interact_with_crafting_table":11,"minecraft:fly_one_cm":115272,"minecraft:open_chest":1,"minecraft:play_time":34603,"minecraft:sneak_time":14,"minecraft:walk_under_water_one_cm":685,"minecraft:boat_one_cm":130970,"minecraft:jump":510,"minecraft:walk_on_water_one_cm":2147,"minecraft:time_since_death":34603,"minecraft:interact_with_smoker":2,"minecraft:total_world_time":34603,"minecraft:fall_one_cm":5730},"minecraft:used":{"minecraft:spruce_boat":6,"minecraft:wooden_axe":44,"minecraft:spruce_door":2,"minecraft:bread":3,"minecraft:stone_pickaxe":71,"minecraft:wooden_pickaxe":25,"minecraft:rotten_flesh":1,"minecraft:stone_axe":8,"minecraft:sand":3,"minecraft:dirt":6,"minecraft:crafting_table":7,"minecraft:cooked_rabbit":1,"minecraft:smoker":1},"minecraft:dropped":{"minecraft:wooden_axe":2,"minecraft:stone_pickaxe":4},"minecraft:picked_up":{"minecraft:stick":13,"minecraft:crafting_table":6,"minecraft:leather":2,"minecraft:gravel":4,"minecraft:porkchop":3,"minecraft:sand":21,"minecraft:oak_log":4,"minecraft:spruce_sapling":12,"minecraft:gunpowder":3,"minecraft:spruce_log":50,"minecraft:spruce_door":1,"minecraft:dirt":56,"minecraft:bone":1,"minecraft:rotten_flesh":1,"minecraft:wheat_seeds":1,"minecraft:spruce_boat":5,"minecraft:rabbit_hide":5,"minecraft:beef":4,"minecraft:stone_pickaxe":2,"minecraft:rabbit":6,"minecraft:oak_sapling":1,"minecraft:cobblestone":94},"minecraft:crafted":{"minecraft:oak_planks":16,"minecraft:crafting_table":2,"minecraft:spruce_planks":28,"minecraft:stick":4,"minecraft:wooden_pickaxe":1,"minecraft:stone_pickaxe":3,"minecraft:wooden_axe":3,"minecraft:spruce_door":3,"minecraft:furnace":2,"minecraft:spruce_boat":3,"minecraft:stone_axe":1,"minecraft:cooked_rabbit":1,"minecraft:air":0,"minecraft:smoker":1},"minecraft:killed":{"minecraft:zombie":1,"minecraft:pig":2,"minecraft:rabbit":5,"minecraft:creeper":2,"minecraft:cow":2}},"DataVersion":3955}