{"stats":{"minecraft:crafted":{"minecraft:oak_planks":112,"minecraft:stone_shovel":1,"minecraft:crafting_table":1,"minecraft:cooked_chicken":4,"minecraft:wooden_pickaxe":1,"minecraft:blue_bed":1,"minecraft:furnace":3,"minecraft:cooked_salmon":3,"minecraft:bucket":2,"minecraft:stone_axe":1,"minecraft:air":0,"minecraft:blue_dye":1,"minecraft:oak_boat":1,"minecraft:iron_chestplate":2,"minecraft:yellow_dye":1,"minecraft:charcoal":11,"minecraft:shield":3,"minecraft:stick":16,"minecraft:iron_ingot":29,"minecraft:iron_pickaxe":3,"minecraft:stone_pickaxe":1,"minecraft:wooden_axe":1,"minecraft:stone_sword":1,"minecraft:white_bed":3,"minecraft:torch":8,"minecraft:smoker":1},"minecraft:used":{"minecraft:cooked_mutton":5,"minecraft:water_bucket":3,"minecraft:stone_sword":21,"minecraft:stone_shovel":131,"minecraft:stone_pickaxe":66,"minecraft:shield":20,"minecraft:wooden_pickaxe":19,"minecraft:blue_bed":1,"minecraft:cooked_salmon":3,"minecraft:cooked_chicken":3,"minecraft:torch":8,"minecraft:dirt":25,"minecraft:crafting_table":7,"minecraft:white_bed":1,"minecraft:smoker":2,"minecraft:wooden_axe":43,"minecraft:apple":2,"minecraft:iron_pickaxe":69,"minecraft:stone_axe":102,"minecraft:bow":3,"minecraft:beef":3,"minecraft:furnace":3,"minecraft:porkchop":5,"minecraft:bucket":5,"minecraft:oak_boat":1,"minecraft:egg":1},"minecraft:custom":{"minecraft:interact_with_furnace":27,"minecraft:mob_kills":32,"minecraft:interact_with_crafting_table":20,"minecraft:leave_game":1,"minecraft:time_since_death":67046,"minecraft:sleep_in_bed":4,"minecraft:time_since_rest":390,"minecraft:sprint_one_cm":279952,"minecraft:damage_taken":585,"minecraft:walk_one_cm":191502,"minecraft:damage_blocked_by_shield":605,"minecraft:drop":19,"minecraft:damage_dealt":4201,"minecraft:swim_one_cm":19819,"minecraft:fly_one_cm":213358,"minecraft:open_chest":6,"minecraft:crouch_one_cm":345,"minecraft:play_time":67046,"minecraft:sneak_time":273,"minecraft:walk_under_water_one_cm":12125,"minecraft:jump":1067,"minecraft:walk_on_water_one_cm":7928,"minecraft:total_world_time":67046,"minecraft:interact_with_smoker":17,"minecraft:fall_one_cm":16016},"minecraft:broken":{"minecraft:stone_axe":1,"minecraft:wooden_axe":1,"minecraft:stone_shovel":1},"minecraft:dropped":{"minecraft:water_bucket":1,"minecraft:stone_axe":1,"minecraft:oak_log":14,"minecraft:stone_sword":1,"minecraft:cooked_mutton":7,"minecraft:white_bed":2,"minecraft:shield":2,"minecraft:iron_chestplate":2,"minecraft:cooked_salmon":6,"minecraft:wooden_pickaxe":1,"minecraft:iron_pickaxe":5},"minecraft:killed":{"minecraft:pig":2,"minecraft:spider":3,"minecraft:skeleton":4,"minecraft:sheep":11,"minecraft:zombie":6,"minecraft:enderman":1,"minecraft:cow":4},"minecraft:picked_up":{"minecraft:charcoal":9,"minecraft:crafting_table":8,"minecraft:salmon":8,"minecraft:leather":3,"minecraft:wooden_pickaxe":1,"minecraft:smoker":1,"minecraft:oak_log":89,"minecraft:cornflower":1,"minecraft:dirt":140,"minecraft:string":3,"minecraft:raw_copper":3,"minecraft:cooked_salmon":6,"minecraft:cooked_mutton":12,"minecraft:bone":7,"minecraft:apple":3,"minecraft:bow":1,"minecraft:wheat_seeds":1,"minecraft:iron_ingot":12,"minecraft:beef":7,"minecraft:oak_boat":1,"minecraft:iron_pickaxe":2,"minecraft:egg":1,"minecraft:furnace":2,"minecraft:stick":6,"minecraft:raw_iron":33,"minecraft:dandelion":1,"minecraft:gravel":2,"minecraft:porkchop":5,"minecraft:diorite":7,"minecraft:white_bed":1,"minecraft:spider_eye":1,"minecraft:stone_sword":1,"minecraft:arrow":5,"minecraft:rotten_flesh":5,"minecraft:stone_axe":1,"minecraft:gray_wool":1,"minecraft:oak_sapling":7,"minecraft:cobblestone":74,"minecraft:mutton":16,"minecraft:coal":86,"minecraft:white_wool":10,"minecraft:rail":1},"minecraft:mined":{"minecraft:white_bed":1,"minecraft:oak_sapling":3,"minecraft:smoker":1,"minecraft:cornflower":1,"minecraft:crafting_table":9,"minecraft:short_grass":5,"minecraft:grass_block":74,"minecraft:tall_grass":1,"minecraft:copper_ore":1,"minecraft:diorite":7,"minecraft:furnace":2,"minecraft:iron_ore":33,"minecraft:oak_log":90,"minecraft:coal_ore":53,"minecraft:dirt":63,"minecraft:stone":57,"minecraft:oak_leaves":44}},"DataVersion":3955}