{"stats":{"minecraft:mined":{"minecraft:white_bed":3,"minecraft:spruce_door":2,"minecraft:crafting_table":7,"minecraft:granite":3,"minecraft:short_grass":1,"minecraft:blast_furnace":2,"minecraft:grass_block":5,"minecraft:spruce_leaves":21,"minecraft:chiseled_tuff_bricks":1,"minecraft:diorite":9,"minecraft:tuff_bricks":6,"minecraft:wall_torch":1,"minecraft:blue_bed":1,"minecraft:furnace":1,"minecraft:iron_ore":2,"minecraft:spruce_log":51,"minecraft:andesite":2,"minecraft:pumpkin":2,"minecraft:coal_ore":24,"minecraft:oak_log":4,"minecraft:dirt":51,"minecraft:gravel":3,"minecraft:sand":31,"minecraft:stone":159,"minecraft:oak_leaves":5},"minecraft:custom":{"minecraft:interact_with_smithing_table":1,"minecraft:interact_with_furnace":5,"minecraft:mob_kills":17,"minecraft:interact_with_crafting_table":19,"minecraft:open_barrel":4,"minecraft:leave_game":1,"minecraft:time_since_death":2211,"minecraft:sleep_in_bed":3,"minecraft:time_since_rest":2240,"minecraft:sprint_one_cm":207103,"minecraft:damage_taken":754,"minecraft:walk_one_cm":205496,"minecraft:damage_blocked_by_shield":60,"minecraft:drop":20,"minecraft:damage_dealt":3107,"minecraft:swim_one_cm":20870,"minecraft:fly_one_cm":204841,"minecraft:open_chest":21,"minecraft:crouch_one_cm":1131,"minecraft:play_time":73703,"minecraft:deaths":1,"minecraft:sneak_time":574,"minecraft:walk_under_water_one_cm":4565,"minecraft:boat_one_cm":177341,"minecraft:jump":1028,"minecraft:interact_with_blast_furnace":2,"minecraft:walk_on_water_one_cm":9136,"minecraft:total_world_time":73703,"minecraft:interact_with_smoker":9,"minecraft:fall_one_cm":12600},"minecraft:broken":{"minecraft:stone_pickaxe":1,"minecraft:wooden_axe":1,"minecraft:wooden_pickaxe":1},"minecraft:used":{"minecraft:water_bucket":1,"minecraft:diorite":4,"minecraft:spruce_door":7,"minecraft:stone_pickaxe":150,"minecraft:shield":2,"minecraft:wooden_pickaxe":59,"minecraft:cooked_chicken":1,"minecraft:rotten_flesh":1,"minecraft:torch":1,"minecraft:dirt":7,"minecraft:sand":19,"minecraft:crafting_table":8,"minecraft:blast_furnace":2,"minecraft:white_bed":2,"minecraft:spruce_log":1,"minecraft:smoker":1,"minecraft:spruce_boat":11,"minecraft:wooden_axe":44,"minecraft:bread":3,"minecraft:stone_axe":41,"minecraft:chiseled_tuff_bricks":1,"minecraft:furnace":1,"minecraft:cooked_porkchop":2,"minecraft:cooked_rabbit":4,"minecraft:bucket":2,"minecraft:potato":2},"minecraft:dropped":{"minecraft:gravel":4,"minecraft:cooked_chicken":1,"minecraft:cooked_beef":1,"minecraft:cooked_porkchop":1,"minecraft:iron_boots":1,"minecraft:shield":3,"minecraft:wooden_axe":2,"minecraft:sand":1,"minecraft:stone_pickaxe":4,"minecraft:cooked_rabbit":6},"minecraft:picked_up":{"minecraft:crafting_table":8,"minecraft:water_bucket":1,"minecraft:andesite":2,"minecraft:leather":2,"minecraft:potato":7,"minecraft:oak_log":4,"minecraft:shield":2,"minecraft:gunpowder":3,"minecraft:dirt":58,"minecraft:bone":3,"minecraft:wheat_seeds":1,"minecraft:rabbit_hide":5,"minecraft:beef":4,"minecraft:stone_pickaxe":2,"minecraft:rabbit":6,"minecraft:iron_sword":1,"minecraft:iron_boots":1,"minecraft:furnace":2,"minecraft:stick":15,"minecraft:raw_iron":2,"minecraft:pumpkin":1,"minecraft:torch":1,"minecraft:gravel":4,"minecraft:porkchop":3,"minecraft:sand":50,"minecraft:blast_furnace":2,"minecraft:spruce_sapling":13,"minecraft:diorite":9,"minecraft:white_bed":2,"minecraft:spruce_log":85,"minecraft:spruce_door":3,"minecraft:rotten_flesh":1,"minecraft:beetroot_seeds":1,"minecraft:spruce_boat":12,"minecraft:granite":3,"minecraft:tuff_bricks":12,"minecraft:oak_sapling":1,"minecraft:coal":24,"minecraft:chiseled_tuff_bricks":1,"minecraft:cobblestone":277,"minecraft:ender_pearl":1},"minecraft:crafted":{"minecraft:oak_planks":16,"minecraft:crafting_table":2,"minecraft:spruce_planks":52,"minecraft:wooden_pickaxe":1,"minecraft:cooked_chicken":2,"minecraft:spruce_door":6,"minecraft:furnace":2,"minecraft:bucket":1,"minecraft:stone_axe":1,"minecraft:air":0,"minecraft:shield":3,"minecraft:stick":8,"minecraft:iron_ingot":3,"minecraft:stone_pickaxe":4,"minecraft:wooden_axe":3,"minecraft:spruce_boat":3,"minecraft:cooked_rabbit":6,"minecraft:smoker":1},"minecraft:killed_by":{"minecraft:zombie":1},"minecraft:killed":{"minecraft:pig":2,"minecraft:rabbit":5,"minecraft:spider":1,"minecraft:iron_golem":1,"minecraft:creeper":3,"minecraft:zombie":2,"minecraft:enderman":1,"minecraft:cow":2}},"DataVersion":3955}