{"stats":{"minecraft:mined":{"minecraft:white_bed":1,"minecraft:spruce_door":2,"minecraft:crafting_table":7,"minecraft:granite":3,"minecraft:short_grass":1,"minecraft:blast_furnace":2,"minecraft:grass_block":4,"minecraft:spruce_leaves":21,"minecraft:chiseled_tuff_bricks":1,"minecraft:diorite":9,"minecraft:tuff_bricks":6,"minecraft:blue_bed":1,"minecraft:furnace":1,"minecraft:iron_ore":2,"minecraft:spruce_log":51,"minecraft:andesite":2,"minecraft:coal_ore":24,"minecraft:oak_log":4,"minecraft:dirt":50,"minecraft:gravel":3,"minecraft:sand":25,"minecraft:stone":144,"minecraft:oak_leaves":5},"minecraft:custom":{"minecraft:interact_with_smithing_table":1,"minecraft:interact_with_furnace":3,"minecraft:mob_kills":14,"minecraft:interact_with_crafting_table":15,"minecraft:open_barrel":4,"minecraft:time_since_death":58603,"minecraft:time_since_rest":58603,"minecraft:sprint_one_cm":163135,"minecraft:damage_taken":229,"minecraft:walk_one_cm":161360,"minecraft:drop":17,"minecraft:damage_dealt":1823,"minecraft:swim_one_cm":20870,"minecraft:fly_one_cm":174501,"minecraft:open_chest":9,"minecraft:crouch_one_cm":527,"minecraft:play_time":58603,"minecraft:sneak_time":243,"minecraft:walk_under_water_one_cm":2393,"minecraft:boat_one_cm":159315,"minecraft:jump":876,"minecraft:interact_with_blast_furnace":1,"minecraft:walk_on_water_one_cm":7165,"minecraft:total_world_time":58603,"minecraft:interact_with_smoker":7,"minecraft:fall_one_cm":8296},"minecraft:broken":{"minecraft:stone_pickaxe":1,"minecraft:wooden_axe":1,"minecraft:wooden_pickaxe":1},"minecraft:used":{"minecraft:diorite":4,"minecraft:spruce_door":5,"minecraft:stone_pickaxe":135,"minecraft:wooden_pickaxe":59,"minecraft:rotten_flesh":1,"minecraft:dirt":7,"minecraft:sand":11,"minecraft:crafting_table":8,"minecraft:smoker":1,"minecraft:spruce_boat":7,"minecraft:wooden_axe":44,"minecraft:bread":3,"minecraft:stone_axe":23,"minecraft:chiseled_tuff_bricks":1,"minecraft:furnace":1,"minecraft:cooked_porkchop":2,"minecraft:cooked_rabbit":3},"minecraft:dropped":{"minecraft:gravel":4,"minecraft:cooked_chicken":1,"minecraft:cooked_beef":1,"minecraft:cooked_porkchop":1,"minecraft:shield":2,"minecraft:wooden_axe":2,"minecraft:sand":1,"minecraft:stone_pickaxe":4,"minecraft:cooked_rabbit":4},"minecraft:picked_up":{"minecraft:crafting_table":7,"minecraft:andesite":2,"minecraft:leather":2,"minecraft:oak_log":4,"minecraft:shield":1,"minecraft:gunpowder":3,"minecraft:dirt":56,"minecraft:bone":1,"minecraft:wheat_seeds":1,"minecraft:rabbit_hide":5,"minecraft:beef":4,"minecraft:stone_pickaxe":2,"minecraft:rabbit":6,"minecraft:furnace":1,"minecraft:stick":13,"minecraft:raw_iron":2,"minecraft:gravel":4,"minecraft:porkchop":3,"minecraft:sand":27,"minecraft:blast_furnace":2,"minecraft:spruce_sapling":12,"minecraft:diorite":9,"minecraft:white_bed":1,"minecraft:spruce_log":51,"minecraft:spruce_door":2,"minecraft:rotten_flesh":1,"minecraft:spruce_boat":6,"minecraft:granite":3,"minecraft:tuff_bricks":6,"minecraft:oak_sapling":1,"minecraft:coal":24,"minecraft:chiseled_tuff_bricks":1,"minecraft:cobblestone":140},"minecraft:crafted":{"minecraft:oak_planks":16,"minecraft:crafting_table":2,"minecraft:spruce_planks":48,"minecraft:wooden_pickaxe":1,"minecraft:cooked_chicken":2,"minecraft:spruce_door":3,"minecraft:furnace":2,"minecraft:stone_axe":1,"minecraft:air":0,"minecraft:shield":3,"minecraft:stick":8,"minecraft:iron_ingot":3,"minecraft:stone_pickaxe":4,"minecraft:wooden_axe":3,"minecraft:spruce_boat":3,"minecraft:cooked_rabbit":6,"minecraft:smoker":1},"minecraft:killed":{"minecraft:pig":2,"minecraft:rabbit":5,"minecraft:spider":1,"minecraft:creeper":2,"minecraft:zombie":2,"minecraft:cow":2}},"DataVersion":3955}