{"stats":{"minecraft:mined":{"minecraft:white_bed":3,"minecraft:spruce_door":2,"minecraft:crafting_table":7,"minecraft:granite":3,"minecraft:short_grass":1,"minecraft:blast_furnace":2,"minecraft:grass_block":4,"minecraft:spruce_leaves":21,"minecraft:chiseled_tuff_bricks":1,"minecraft:diorite":9,"minecraft:tuff_bricks":6,"minecraft:wall_torch":1,"minecraft:blue_bed":1,"minecraft:furnace":1,"minecraft:iron_ore":2,"minecraft:spruce_log":51,"minecraft:andesite":2,"minecraft:pumpkin":2,"minecraft:coal_ore":24,"minecraft:oak_log":4,"minecraft:dirt":50,"minecraft:gravel":3,"minecraft:sand":30,"minecraft:stone":159,"minecraft:oak_leaves":5},"minecraft:custom":{"minecraft:interact_with_smithing_table":1,"minecraft:interact_with_furnace":5,"minecraft:mob_kills":16,"minecraft:interact_with_crafting_table":19,"minecraft:open_barrel":4,"minecraft:time_since_death":70603,"minecraft:sleep_in_bed":3,"minecraft:time_since_rest":4716,"minecraft:sprint_one_cm":199483,"minecraft:damage_taken":331,"minecraft:walk_one_cm":197542,"minecraft:drop":20,"minecraft:damage_dealt":2907,"minecraft:swim_one_cm":20870,"minecraft:fly_one_cm":201098,"minecraft:open_chest":21,"minecraft:crouch_one_cm":955,"minecraft:play_time":70603,"minecraft:sneak_time":414,"minecraft:walk_under_water_one_cm":2393,"minecraft:boat_one_cm":177341,"minecraft:jump":1006,"minecraft:interact_with_blast_furnace":2,"minecraft:walk_on_water_one_cm":7179,"minecraft:total_world_time":70603,"minecraft:interact_with_smoker":9,"minecraft:fall_one_cm":10235},"minecraft:broken":{"minecraft:stone_pickaxe":1,"minecraft:wooden_axe":1,"minecraft:wooden_pickaxe":1},"minecraft:used":{"minecraft:water_bucket":1,"minecraft:diorite":4,"minecraft:spruce_door":7,"minecraft:stone_pickaxe":150,"minecraft:wooden_pickaxe":59,"minecraft:cooked_chicken":1,"minecraft:rotten_flesh":1,"minecraft:torch":1,"minecraft:dirt":7,"minecraft:sand":13,"minecraft:crafting_table":8,"minecraft:blast_furnace":2,"minecraft:white_bed":2,"minecraft:smoker":1,"minecraft:spruce_boat":11,"minecraft:wooden_axe":44,"minecraft:bread":3,"minecraft:stone_axe":38,"minecraft:chiseled_tuff_bricks":1,"minecraft:furnace":1,"minecraft:cooked_porkchop":2,"minecraft:cooked_rabbit":4,"minecraft:bucket":2},"minecraft:dropped":{"minecraft:gravel":4,"minecraft:cooked_chicken":1,"minecraft:cooked_beef":1,"minecraft:cooked_porkchop":1,"minecraft:iron_boots":1,"minecraft:shield":3,"minecraft:wooden_axe":2,"minecraft:sand":1,"minecraft:stone_pickaxe":4,"minecraft:cooked_rabbit":6},"minecraft:picked_up":{"minecraft:crafting_table":7,"minecraft:andesite":2,"minecraft:leather":2,"minecraft:oak_log":4,"minecraft:shield":1,"minecraft:gunpowder":3,"minecraft:dirt":56,"minecraft:bone":3,"minecraft:wheat_seeds":1,"minecraft:rabbit_hide":5,"minecraft:beef":4,"minecraft:stone_pickaxe":2,"minecraft:rabbit":6,"minecraft:furnace":1,"minecraft:stick":15,"minecraft:raw_iron":2,"minecraft:pumpkin":1,"minecraft:torch":1,"minecraft:gravel":4,"minecraft:porkchop":3,"minecraft:sand":32,"minecraft:blast_furnace":2,"minecraft:spruce_sapling":13,"minecraft:diorite":9,"minecraft:white_bed":2,"minecraft:spruce_log":51,"minecraft:spruce_door":2,"minecraft:rotten_flesh":1,"minecraft:spruce_boat":10,"minecraft:granite":3,"minecraft:tuff_bricks":6,"minecraft:oak_sapling":1,"minecraft:coal":24,"minecraft:chiseled_tuff_bricks":1,"minecraft:cobblestone":152,"minecraft:ender_pearl":1},"minecraft:crafted":{"minecraft:oak_planks":16,"minecraft:crafting_table":2,"minecraft:spruce_planks":52,"minecraft:wooden_pickaxe":1,"minecraft:cooked_chicken":2,"minecraft:spruce_door":6,"minecraft:furnace":2,"minecraft:bucket":1,"minecraft:stone_axe":1,"minecraft:air":0,"minecraft:shield":3,"minecraft:stick":8,"minecraft:iron_ingot":3,"minecraft:stone_pickaxe":4,"minecraft:wooden_axe":3,"minecraft:spruce_boat":3,"minecraft:cooked_rabbit":6,"minecraft:smoker":1},"minecraft:killed":{"minecraft:pig":2,"minecraft:rabbit":5,"minecraft:spider":1,"minecraft:iron_golem":1,"minecraft:creeper":2,"minecraft:zombie":2,"minecraft:enderman":1,"minecraft:cow":2}},"DataVersion":3955}