{"stats":{"minecraft:crafted":{"minecraft:oak_planks":200,"minecraft:purple_bed":1,"minecraft:cooked_chicken":4,"minecraft:furnace":2,"minecraft:bone_meal":3,"minecraft:cooked_mutton":7,"minecraft:iron_axe":1,"minecraft:stone_pickaxe":1,"minecraft:chest":4,"minecraft:smoker":1,"minecraft:cooked_beef":21,"minecraft:red_dye":2,"minecraft:oak_slab":498,"minecraft:cooked_porkchop":16,"minecraft:crafting_table":2,"minecraft:baked_potato":86,"minecraft:wooden_pickaxe":1,"minecraft:red_bed":1,"minecraft:copper_ingot":14,"minecraft:stone_axe":3,"minecraft:bread":26,"minecraft:air":0,"minecraft:blue_dye":2,"minecraft:oak_fence_gate":6,"minecraft:oak_boat":3,"minecraft:charcoal":17,"minecraft:purple_dye":2,"minecraft:shield":1,"minecraft:stick":36,"minecraft:iron_ingot":39,"minecraft:light_gray_dye":1},"minecraft:used":{"minecraft:ladder":1,"minecraft:chest":8,"minecraft:shield":4,"minecraft:cooked_chicken":4,"minecraft:dirt":419,"minecraft:carrot":54,"minecraft:oak_fence_gate":8,"minecraft:iron_axe":228,"minecraft:barrel":1,"minecraft:magma_block":1,"minecraft:oak_sapling":61,"minecraft:furnace":4,"minecraft:cooked_beef":3,"minecraft:potato":143,"minecraft:cooked_mutton":4,"minecraft:copper_door":4,"minecraft:baked_potato":8,"minecraft:stone_pickaxe":31,"minecraft:oak_planks":47,"minecraft:wooden_pickaxe":25,"minecraft:stonecutter":3,"minecraft:blue_bed":1,"minecraft:white_wool":3,"minecraft:oak_slab":445,"minecraft:crafting_table":8,"minecraft:red_bed":2,"minecraft:blast_furnace":2,"minecraft:white_bed":2,"minecraft:black_bed":2,"minecraft:smoker":4,"minecraft:lightning_rod":3,"minecraft:apple":1,"minecraft:bread":6,"minecraft:brown_wool":1,"minecraft:stone_axe":262,"minecraft:pink_bed":2,"minecraft:cobblestone":1,"minecraft:purple_bed":3,"minecraft:cooked_porkchop":10,"minecraft:yellow_bed":2,"minecraft:oak_boat":16,"minecraft:bone_meal":3},"minecraft:custom":{"minecraft:mob_kills":45,"minecraft:interact_with_crafting_table":42,"minecraft:open_barrel":3,"minecraft:leave_game":4,"minecraft:time_since_death":54764,"minecraft:climb_one_cm":3186,"minecraft:sprint_one_cm":426716,"minecraft:walk_one_cm":391134,"minecraft:damage_blocked_by_shield":235,"minecraft:drop":19,"minecraft:talked_to_villager":36,"minecraft:play_time":138363,"minecraft:deaths":3,"minecraft:sneak_time":20492,"minecraft:walk_under_water_one_cm":26671,"minecraft:boat_one_cm":117526,"minecraft:jump":2520,"minecraft:interact_with_blast_furnace":12,"minecraft:walk_on_water_one_cm":33033,"minecraft:total_world_time":138363,"minecraft:interact_with_furnace":52,"minecraft:interact_with_stonecutter":1,"minecraft:sleep_in_bed":10,"minecraft:time_since_rest":5020,"minecraft:damage_taken":3735,"minecraft:damage_dealt":7683,"minecraft:swim_one_cm":64395,"minecraft:fly_one_cm":515276,"minecraft:player_kills":8,"minecraft:open_chest":131,"minecraft:crouch_one_cm":89182,"minecraft:interact_with_smoker":74,"minecraft:fall_one_cm":56088},"minecraft:broken":{"minecraft:iron_axe":1,"minecraft:stone_axe":2},"minecraft:dropped":{"minecraft:wheat_seeds":1,"minecraft:cooked_beef":9,"minecraft:poisonous_potato":1,"minecraft:feather":2,"minecraft:stick":6,"minecraft:red_bed":1,"minecraft:blue_dye":1,"minecraft:map":3,"minecraft:blue_bed":1,"minecraft:light_gray_wool":1,"minecraft:cooked_mutton":4,"minecraft:poppy":1,"minecraft:hay_block":1,"minecraft:purple_bed":1,"minecraft:spider_eye":1},"minecraft:killed":{"minecraft:spider":5,"minecraft:skeleton":1,"minecraft:chicken":4,"minecraft:drowned":4,"minecraft:pig":5,"minecraft:squid":1,"minecraft:sheep":13,"minecraft:zombie":6,"minecraft:cow":6},"minecraft:killed_by":{"minecraft:player":2,"minecraft:zombie":1},"minecraft:picked_up":{"minecraft:charcoal":3,"minecraft:crafting_table":8,"minecraft:wheat":81,"minecraft:azure_bluet":1,"minecraft:chicken":4,"minecraft:ladder":6,"minecraft:wooden_pickaxe":1,"minecraft:cornflower":2,"minecraft:string":12,"minecraft:red_bed":2,"minecraft:raw_copper":14,"minecraft:beetroot":1,"minecraft:beef":12,"minecraft:oak_boat":15,"minecraft:written_book":1,"minecraft:poppy":2,"minecraft:light_gray_wool":1,"minecraft:sugar_cane":10,"minecraft:chest":4,"minecraft:furnace":3,"minecraft:egg":2,"minecraft:stick":77,"minecraft:copper_ingot":6,"minecraft:torch":3,"minecraft:porkchop":10,"minecraft:lightning_rod":3,"minecraft:diorite":8,"minecraft:carrot":216,"minecraft:copper_door":4,"minecraft:arrow":6,"minecraft:rotten_flesh":19,"minecraft:beetroot_seeds":7,"minecraft:hay_block":36,"minecraft:blue_dye":1,"minecraft:white_terracotta":3,"minecraft:mutton":22,"minecraft:cobblestone":47,"minecraft:white_wool":16,"minecraft:magma_block":3,"minecraft:feather":3,"minecraft:brown_wool":3,"minecraft:black_bed":2,"minecraft:leather":6,"minecraft:smoker":3,"minecraft:potato":277,"minecraft:oak_log":283,"minecraft:yellow_bed":2,"minecraft:dirt":27,"minecraft:map":3,"minecraft:blue_bed":2,"minecraft:cooked_mutton":1,"minecraft:bone":2,"minecraft:apple":15,"minecraft:stonecutter":4,"minecraft:wheat_seeds":27,"minecraft:stone_pickaxe":1,"minecraft:oak_fence_gate":2,"minecraft:oak_planks":73,"minecraft:oak_slab":39,"minecraft:pink_bed":2,"minecraft:poisonous_potato":1,"minecraft:blast_furnace":2,"minecraft:ink_sac":3,"minecraft:white_bed":4,"minecraft:barrel":1,"minecraft:spider_eye":1,"minecraft:purple_bed":3,"minecraft:stone_axe":1,"minecraft:granite":8,"minecraft:golden_apple":1,"minecraft:gray_wool":2,"minecraft:emerald":3,"minecraft:bread":16,"minecraft:oak_sapling":130,"minecraft:coal":2},"minecraft:mined":{"minecraft:white_bed":4,"minecraft:oak_sapling":30,"minecraft:farmland":1,"minecraft:ladder":1,"minecraft:brown_wool":1,"minecraft:tall_seagrass":1,"minecraft:magma_block":1,"minecraft:furnace":3,"minecraft:carrots":64,"minecraft:fire":20,"minecraft:barrel":1,"minecraft:azure_bluet":1,"minecraft:potatoes":73,"minecraft:stone":29,"minecraft:white_wool":3,"minecraft:oak_slab":37,"minecraft:glass_pane":1,"minecraft:red_bed":2,"minecraft:smoker":3,"minecraft:copper_door":4,"minecraft:crafting_table":6,"minecraft:cornflower":2,"minecraft:short_grass":22,"minecraft:blast_furnace":2,"minecraft:poppy":2,"minecraft:chest":4,"minecraft:lightning_rod":3,"minecraft:tall_grass":2,"minecraft:sugar_cane":3,"minecraft:oak_planks":48,"minecraft:blue_bed":2,"minecraft:white_terracotta":3,"minecraft:purple_bed":2,"minecraft:black_bed":2,"minecraft:yellow_bed":2,"minecraft:oak_log":260,"minecraft:coal_ore":2,"minecraft:oak_fence_gate":2,"minecraft:dirt":25,"minecraft:stonecutter":4,"minecraft:oak_leaves":46}},"DataVersion":3955}