{"stats":{"minecraft:crafted":{"minecraft:cooked_beef":6,"minecraft:oak_planks":112,"minecraft:stone_shovel":4,"minecraft:crafting_table":3,"minecraft:iron_helmet":1,"minecraft:baked_potato":25,"minecraft:wooden_pickaxe":1,"minecraft:furnace":2,"minecraft:stone_axe":2,"minecraft:air":0,"minecraft:oak_boat":2,"minecraft:iron_chestplate":1,"minecraft:iron_boots":1,"minecraft:iron_axe":1,"minecraft:stick":52,"minecraft:iron_ingot":25,"minecraft:iron_pickaxe":1,"minecraft:iron_leggings":1,"minecraft:torch":144},"minecraft:used":{"minecraft:beetroot":1,"minecraft:cooked_mutton":5,"minecraft:stone_sword":2,"minecraft:stone_shovel":250,"minecraft:baked_potato":12,"minecraft:shield":11,"minecraft:wooden_pickaxe":49,"minecraft:cooked_salmon":2,"minecraft:salmon":1,"minecraft:torch":11,"minecraft:dirt":22,"minecraft:crafting_table":3,"minecraft:white_bed":2,"minecraft:golden_shovel":32,"minecraft:oak_log":2,"minecraft:apple":6,"minecraft:iron_axe":49,"minecraft:bread":1,"minecraft:iron_pickaxe":213,"minecraft:stone_axe":107,"minecraft:purple_bed":2,"minecraft:furnace":2,"minecraft:oak_boat":4,"minecraft:cooked_beef":3},"minecraft:custom":{"minecraft:interact_with_furnace":32,"minecraft:mob_kills":27,"minecraft:interact_with_crafting_table":20,"minecraft:open_barrel":5,"minecraft:leave_game":1,"minecraft:time_since_death":105901,"minecraft:sleep_in_bed":14,"minecraft:climb_one_cm":430,"minecraft:time_since_rest":34316,"minecraft:sprint_one_cm":306688,"minecraft:damage_taken":3292,"minecraft:walk_one_cm":412137,"minecraft:damage_blocked_by_shield":711,"minecraft:drop":8,"minecraft:damage_dealt":3608,"minecraft:swim_one_cm":7441,"minecraft:talked_to_villager":21,"minecraft:player_kills":1,"minecraft:fly_one_cm":99214,"minecraft:open_chest":47,"minecraft:crouch_one_cm":1073,"minecraft:play_time":138730,"minecraft:sneak_time":293,"minecraft:deaths":7,"minecraft:walk_under_water_one_cm":12891,"minecraft:boat_one_cm":160234,"minecraft:jump":968,"minecraft:interact_with_blast_furnace":1,"minecraft:walk_on_water_one_cm":32948,"minecraft:interact_with_smoker":10,"minecraft:total_world_time":138730,"minecraft:fall_one_cm":14950},"minecraft:broken":{"minecraft:golden_shovel":1,"minecraft:stone_shovel":1},"minecraft:dropped":{"minecraft:iron_ingot":3,"minecraft:baked_potato":1,"minecraft:oak_log":9,"minecraft:raw_copper":3,"minecraft:wheat":43,"minecraft:stone_shovel":1},"minecraft:killed_by":{"minecraft:skeleton":5,"minecraft:zombie":2},"minecraft:killed":{"minecraft:cave_spider":1,"minecraft:pig":9,"minecraft:salmon":1,"minecraft:creeper":2,"minecraft:sheep":7,"minecraft:skeleton":2,"minecraft:zombie":3,"minecraft:chicken":2},"minecraft:picked_up":{"minecraft:crafting_table":2,"minecraft:wheat":49,"minecraft:feather":3,"minecraft:chicken":2,"minecraft:salmon":1,"minecraft:andesite":9,"minecraft:golden_shovel":1,"minecraft:oak_log":92,"minecraft:shield":1,"minecraft:gunpowder":3,"minecraft:lapis_lazuli":22,"minecraft:string":1,"minecraft:dirt":280,"minecraft:raw_copper":3,"minecraft:cooked_salmon":2,"minecraft:bone":1,"minecraft:beetroot":1,"minecraft:wheat_seeds":29,"minecraft:cobbled_deepslate":4,"minecraft:raw_gold":3,"minecraft:iron_ingot":9,"minecraft:oak_boat":2,"minecraft:furnace":2,"minecraft:raw_iron":35,"minecraft:stick":2,"minecraft:torch":2,"minecraft:dandelion":1,"minecraft:porkchop":16,"minecraft:white_bed":2,"minecraft:spider_eye":1,"minecraft:arrow":4,"minecraft:purple_bed":2,"minecraft:rotten_flesh":2,"minecraft:beetroot_seeds":1,"minecraft:granite":1,"minecraft:gray_wool":1,"minecraft:baked_potato":1,"minecraft:oak_sapling":2,"minecraft:mutton":10,"minecraft:coal":86,"minecraft:white_wool":5,"minecraft:cobblestone":96},"minecraft:mined":{"minecraft:white_bed":1,"minecraft:dandelion":1,"minecraft:crafting_table":2,"minecraft:granite":1,"minecraft:short_grass":27,"minecraft:grass_block":215,"minecraft:tall_grass":14,"minecraft:lapis_ore":3,"minecraft:deepslate_gold_ore":3,"minecraft:wall_torch":2,"minecraft:purple_bed":1,"minecraft:furnace":2,"minecraft:iron_ore":33,"minecraft:wheat":7,"minecraft:andesite":9,"minecraft:beetroots":1,"minecraft:coal_ore":72,"minecraft:oak_log":92,"minecraft:deepslate_iron_ore":2,"minecraft:dirt":67,"minecraft:stone":88,"minecraft:oak_leaves":26,"minecraft:deepslate":4}},"DataVersion":3955}