{"stats":{"minecraft:crafted":{"minecraft:oak_planks":16,"minecraft:stone_shovel":1,"minecraft:cooked_porkchop":6,"minecraft:crafting_table":1,"minecraft:wooden_pickaxe":1,"minecraft:furnace":1,"minecraft:cooked_salmon":39,"minecraft:oak_wood":3,"minecraft:cooked_mutton":1,"minecraft:air":0,"minecraft:stick":12,"minecraft:stone_pickaxe":1,"minecraft:stone_sword":2,"minecraft:torch":12},"minecraft:used":{"minecraft:cooked_mutton":3,"minecraft:stone_sword":107,"minecraft:stone_pickaxe":72,"minecraft:stone_shovel":99,"minecraft:wooden_pickaxe":22,"minecraft:cooked_salmon":4,"minecraft:cooked_chicken":1,"minecraft:torch":1,"minecraft:dirt":53,"minecraft:crafting_table":2,"minecraft:white_bed":1,"minecraft:oak_log":1,"minecraft:oxeye_daisy":1,"minecraft:cobblestone":18,"minecraft:furnace":1,"minecraft:oak_sapling":2,"minecraft:egg":4},"minecraft:custom":{"minecraft:interact_with_furnace":2,"minecraft:mob_kills":62,"minecraft:interact_with_crafting_table":11,"minecraft:time_since_death":59417,"minecraft:sleep_in_bed":4,"minecraft:time_since_rest":390,"minecraft:sprint_one_cm":232344,"minecraft:damage_taken":226,"minecraft:walk_one_cm":97631,"minecraft:damage_dealt":2584,"minecraft:swim_one_cm":56724,"minecraft:fly_one_cm":106460,"minecraft:open_chest":4,"minecraft:crouch_one_cm":93,"minecraft:play_time":59417,"minecraft:sneak_time":55,"minecraft:walk_under_water_one_cm":47635,"minecraft:jump":742,"minecraft:walk_on_water_one_cm":31180,"minecraft:total_world_time":59417,"minecraft:interact_with_smoker":3,"minecraft:fall_one_cm":11526},"minecraft:killed":{"minecraft:pig":5,"minecraft:salmon":48,"minecraft:sheep":2,"minecraft:zombie":1,"minecraft:chicken":5,"minecraft:drowned":1},"minecraft:picked_up":{"minecraft:crafting_table":1,"minecraft:iron_chestplate":1,"minecraft:feather":8,"minecraft:chicken":5,"minecraft:water_bucket":1,"minecraft:salmon":45,"minecraft:brown_wool":1,"minecraft:oak_log":6,"minecraft:shield":1,"minecraft:dirt":144,"minecraft:cooked_salmon":6,"minecraft:cooked_mutton":6,"minecraft:bone":1,"minecraft:wheat_seeds":4,"minecraft:cooked_chicken":1,"minecraft:iron_pickaxe":2,"minecraft:furnace":1,"minecraft:egg":1,"minecraft:stick":6,"minecraft:pumpkin":1,"minecraft:torch":1,"minecraft:porkchop":12,"minecraft:ink_sac":2,"minecraft:white_bed":1,"minecraft:arrow":2,"minecraft:rotten_flesh":3,"minecraft:bone_meal":4,"minecraft:gray_wool":1,"minecraft:oak_sapling":5,"minecraft:mutton":1,"minecraft:coal":33,"minecraft:cobblestone":62,"minecraft:oxeye_daisy":1},"minecraft:mined":{"minecraft:short_grass":13,"minecraft:grass_block":46,"minecraft:oxeye_daisy":1,"minecraft:wall_torch":1,"minecraft:seagrass":2,"minecraft:tall_seagrass":4,"minecraft:furnace":1,"minecraft:pumpkin":1,"minecraft:coal_ore":31,"minecraft:oak_log":6,"minecraft:dirt_path":1,"minecraft:dirt":95,"minecraft:stone":62}},"DataVersion":3955}