{"stats":{"minecraft:mined":{"minecraft:white_bed":1,"minecraft:brown_mushroom":7,"minecraft:crafting_table":1,"minecraft:granite":17,"minecraft:short_grass":15,"minecraft:grass_block":2,"minecraft:tall_grass":3,"minecraft:cobblestone":2,"minecraft:copper_ore":6,"minecraft:spruce_leaves":20,"minecraft:diorite":11,"minecraft:spruce_log":72,"minecraft:andesite":11,"minecraft:coal_ore":20,"minecraft:dirt":33,"minecraft:gravel":1,"minecraft:sand":4,"minecraft:stone":141,"minecraft:fern":2},"minecraft:custom":{"minecraft:interact_with_furnace":3,"minecraft:mob_kills":32,"minecraft:interact_with_crafting_table":8,"minecraft:leave_game":2,"minecraft:time_since_death":68655,"minecraft:sleep_in_bed":2,"minecraft:climb_one_cm":334,"minecraft:time_since_rest":7816,"minecraft:sprint_one_cm":98840,"minecraft:damage_taken":200,"minecraft:walk_one_cm":310923,"minecraft:damage_dealt":2452,"minecraft:swim_one_cm":1407,"minecraft:fly_one_cm":26419,"minecraft:open_chest":15,"minecraft:crouch_one_cm":1003,"minecraft:play_time":68655,"minecraft:sneak_time":1229,"minecraft:walk_under_water_one_cm":7002,"minecraft:boat_one_cm":99087,"minecraft:jump":558,"minecraft:interact_with_blast_furnace":1,"minecraft:walk_on_water_one_cm":19152,"minecraft:interact_with_smoker":7,"minecraft:total_world_time":68655,"minecraft:fall_one_cm":3243},"minecraft:broken":{"minecraft:stone_pickaxe":1,"minecraft:wooden_axe":1},"minecraft:used":{"minecraft:stone_pickaxe":209,"minecraft:chest":2,"minecraft:rotten_flesh":2,"minecraft:dirt":5,"minecraft:crafting_table":2,"minecraft:white_bed":3,"minecraft:spruce_log":2,"minecraft:spruce_boat":1,"minecraft:wooden_axe":59,"minecraft:stone_axe":86,"minecraft:cobblestone":11,"minecraft:cooked_rabbit":2,"minecraft:cooked_beef":1},"minecraft:picked_up":{"minecraft:wooden_axe":1,"minecraft:crafting_table":1,"minecraft:feather":5,"minecraft:chicken":6,"minecraft:andesite":10,"minecraft:leather":8,"minecraft:brown_wool":1,"minecraft:brown_mushroom":7,"minecraft:cooked_rabbit":4,"minecraft:lily_pad":10,"minecraft:shield":1,"minecraft:dirt":33,"minecraft:raw_copper":19,"minecraft:rabbit_hide":1,"minecraft:beef":20,"minecraft:stone_pickaxe":1,"minecraft:light_gray_wool":2,"minecraft:rabbit":2,"minecraft:iron_boots":1,"minecraft:stick":4,"minecraft:pumpkin":1,"minecraft:porkchop":9,"minecraft:sand":3,"minecraft:spruce_sapling":2,"minecraft:diorite":9,"minecraft:white_bed":2,"minecraft:spruce_log":72,"minecraft:rotten_flesh":2,"minecraft:spruce_boat":2,"minecraft:granite":17,"minecraft:gray_wool":1,"minecraft:mutton":18,"minecraft:coal":19,"minecraft:white_wool":6,"minecraft:cobblestone":138},"minecraft:crafted":{"minecraft:cooked_beef":7,"minecraft:cooked_porkchop":3,"minecraft:crafting_table":2,"minecraft:spruce_planks":260,"minecraft:stone_axe":1,"minecraft:cooked_mutton":2,"minecraft:air":0,"minecraft:spruce_trapdoor":2,"minecraft:stick":4,"minecraft:stone_pickaxe":3,"minecraft:wooden_axe":1,"minecraft:chest":2,"minecraft:white_bed":1,"minecraft:cooked_rabbit":4},"minecraft:killed":{"minecraft:pig":4,"minecraft:rabbit":3,"minecraft:sheep":10,"minecraft:chicken":6,"minecraft:cow":9}},"DataVersion":3955}