{"stats":{"minecraft:used":{"minecraft:carrot_on_a_stick":40},"minecraft:picked_up":{"minecraft:leather_chestplate":1},"minecraft:dropped":{"minecraft:carrot_on_a_stick":40},"minecraft:custom":{"minecraft:jump":456,"minecraft:time_since_rest":157017,"minecraft:damage_dealt":3031,"minecraft:crouch_one_cm":218,"minecraft:leave_game":2,"minecraft:play_time":157017,"minecraft:sprint_one_cm":1920483,"minecraft:damage_taken":2775,"minecraft:time_since_death":157017,"minecraft:walk_one_cm":1465546,"minecraft:sneak_time":87,"minecraft:total_world_time":157017,"minecraft:fall_one_cm":26410,"minecraft:drop":40,"minecraft:fly_one_cm":87021}},"DataVersion":3953}