{"stats":{"minecraft:mined":{"minecraft:granite":17,"minecraft:grass_block":2,"minecraft:gravel":1,"minecraft:sand":4,"minecraft:dirt":33,"minecraft:copper_ore":6,"minecraft:spruce_leaves":6,"minecraft:spruce_log":66,"minecraft:stone":93,"minecraft:andesite":10},"minecraft:broken":{"minecraft:wooden_axe":1},"minecraft:custom":{"minecraft:time_since_rest":17581,"minecraft:play_time":17581,"minecraft:sprint_one_cm":27348,"minecraft:damage_taken":200,"minecraft:walk_one_cm":41233,"minecraft:sneak_time":1,"minecraft:boat_one_cm":77586,"minecraft:jump":60,"minecraft:time_since_death":17581,"minecraft:total_world_time":17581,"minecraft:interact_with_crafting_table":1,"minecraft:fall_one_cm":880,"minecraft:fly_one_cm":5522},"minecraft:used":{"minecraft:wooden_axe":59,"minecraft:dirt":3,"minecraft:stone_pickaxe":126,"minecraft:spruce_log":2},"minecraft:picked_up":{"minecraft:wooden_axe":1,"minecraft:stick":2,"minecraft:andesite":10,"minecraft:spruce_boat":1,"minecraft:granite":17,"minecraft:stone_pickaxe":1,"minecraft:sand":3,"minecraft:spruce_sapling":2,"minecraft:spruce_log":66,"minecraft:dirt":33,"minecraft:cobblestone":91,"minecraft:raw_copper":19},"minecraft:crafted":{"minecraft:spruce_planks":256,"minecraft:stick":4}},"DataVersion":3955}