{"stats":{"minecraft:mined":{"minecraft:brown_mushroom":7,"minecraft:crafting_table":1,"minecraft:granite":17,"minecraft:short_grass":15,"minecraft:grass_block":2,"minecraft:tall_grass":3,"minecraft:cobblestone":2,"minecraft:copper_ore":6,"minecraft:spruce_leaves":13,"minecraft:spruce_log":66,"minecraft:andesite":10,"minecraft:coal_ore":20,"minecraft:dirt":33,"minecraft:gravel":1,"minecraft:sand":4,"minecraft:stone":100,"minecraft:fern":2},"minecraft:custom":{"minecraft:mob_kills":32,"minecraft:interact_with_crafting_table":5,"minecraft:leave_game":1,"minecraft:time_since_death":53555,"minecraft:climb_one_cm":334,"minecraft:time_since_rest":53555,"minecraft:sprint_one_cm":98840,"minecraft:damage_taken":200,"minecraft:walk_one_cm":273686,"minecraft:damage_dealt":2452,"minecraft:swim_one_cm":1407,"minecraft:fly_one_cm":26259,"minecraft:open_chest":10,"minecraft:crouch_one_cm":276,"minecraft:play_time":53555,"minecraft:sneak_time":336,"minecraft:walk_under_water_one_cm":7002,"minecraft:boat_one_cm":99087,"minecraft:jump":516,"minecraft:walk_on_water_one_cm":19152,"minecraft:interact_with_smoker":5,"minecraft:total_world_time":53555,"minecraft:fall_one_cm":2763},"minecraft:broken":{"minecraft:stone_pickaxe":1,"minecraft:wooden_axe":1},"minecraft:used":{"minecraft:stone_pickaxe":156,"minecraft:chest":2,"minecraft:rotten_flesh":2,"minecraft:dirt":5,"minecraft:crafting_table":2,"minecraft:spruce_log":2,"minecraft:spruce_boat":1,"minecraft:wooden_axe":59,"minecraft:stone_axe":73,"minecraft:cobblestone":7,"minecraft:cooked_rabbit":2,"minecraft:cooked_beef":1},"minecraft:picked_up":{"minecraft:wooden_axe":1,"minecraft:crafting_table":1,"minecraft:feather":5,"minecraft:chicken":6,"minecraft:andesite":10,"minecraft:leather":8,"minecraft:brown_wool":1,"minecraft:brown_mushroom":7,"minecraft:cooked_rabbit":2,"minecraft:lily_pad":10,"minecraft:dirt":33,"minecraft:raw_copper":19,"minecraft:rabbit_hide":1,"minecraft:beef":20,"minecraft:stone_pickaxe":1,"minecraft:light_gray_wool":2,"minecraft:rabbit":2,"minecraft:stick":4,"minecraft:porkchop":9,"minecraft:sand":3,"minecraft:spruce_sapling":2,"minecraft:spruce_log":66,"minecraft:rotten_flesh":2,"minecraft:spruce_boat":2,"minecraft:granite":17,"minecraft:gray_wool":1,"minecraft:mutton":18,"minecraft:coal":19,"minecraft:white_wool":6,"minecraft:cobblestone":101},"minecraft:crafted":{"minecraft:cooked_beef":7,"minecraft:cooked_porkchop":3,"minecraft:crafting_table":2,"minecraft:spruce_planks":256,"minecraft:stone_axe":1,"minecraft:air":0,"minecraft:spruce_trapdoor":2,"minecraft:stick":4,"minecraft:stone_pickaxe":1,"minecraft:wooden_axe":1,"minecraft:chest":2,"minecraft:cooked_rabbit":4},"minecraft:killed":{"minecraft:pig":4,"minecraft:rabbit":3,"minecraft:sheep":10,"minecraft:chicken":6,"minecraft:cow":9}},"DataVersion":3955}