{"stats":{"minecraft:mined":{"minecraft:brown_mushroom":7,"minecraft:spruce_log":66,"minecraft:andesite":10,"minecraft:crafting_table":1,"minecraft:granite":17,"minecraft:short_grass":11,"minecraft:grass_block":2,"minecraft:coal_ore":20,"minecraft:dirt":33,"minecraft:gravel":1,"minecraft:sand":4,"minecraft:copper_ore":6,"minecraft:spruce_leaves":13,"minecraft:stone":97,"minecraft:fern":2},"minecraft:custom":{"minecraft:time_since_rest":29581,"minecraft:sprint_one_cm":68718,"minecraft:damage_taken":200,"minecraft:walk_one_cm":116148,"minecraft:mob_kills":7,"minecraft:damage_dealt":350,"minecraft:interact_with_crafting_table":3,"minecraft:fly_one_cm":19978,"minecraft:play_time":29581,"minecraft:sneak_time":11,"minecraft:walk_under_water_one_cm":1627,"minecraft:boat_one_cm":77586,"minecraft:jump":246,"minecraft:walk_on_water_one_cm":6580,"minecraft:time_since_death":29581,"minecraft:interact_with_smoker":2,"minecraft:total_world_time":29581,"minecraft:fall_one_cm":1716},"minecraft:broken":{"minecraft:stone_pickaxe":1,"minecraft:wooden_axe":1},"minecraft:used":{"minecraft:wooden_axe":59,"minecraft:stone_pickaxe":151,"minecraft:rotten_flesh":2,"minecraft:stone_axe":37,"minecraft:dirt":3,"minecraft:cobblestone":6,"minecraft:crafting_table":2,"minecraft:spruce_log":2},"minecraft:picked_up":{"minecraft:wooden_axe":1,"minecraft:stick":4,"minecraft:crafting_table":1,"minecraft:feather":3,"minecraft:chicken":2,"minecraft:andesite":10,"minecraft:leather":1,"minecraft:brown_mushroom":7,"minecraft:sand":3,"minecraft:spruce_sapling":2,"minecraft:spruce_log":66,"minecraft:dirt":33,"minecraft:raw_copper":19,"minecraft:rotten_flesh":2,"minecraft:spruce_boat":1,"minecraft:rabbit_hide":1,"minecraft:beef":3,"minecraft:granite":17,"minecraft:stone_pickaxe":1,"minecraft:rabbit":2,"minecraft:mutton":2,"minecraft:coal":19,"minecraft:white_wool":1,"minecraft:cobblestone":97},"minecraft:crafted":{"minecraft:crafting_table":2,"minecraft:spruce_planks":256,"minecraft:stick":4,"minecraft:stone_pickaxe":1,"minecraft:wooden_axe":1,"minecraft:stone_axe":1},"minecraft:killed":{"minecraft:sheep":1,"minecraft:chicken":2,"minecraft:rabbit":3,"minecraft:cow":1}},"DataVersion":3955}