{"stats":{"minecraft:dropped":{"minecraft:carrot_on_a_stick":392,"minecraft:shears":2,"minecraft:stone_button":1},"minecraft:picked_up":{"minecraft:flower_pot":1,"minecraft:carrot_on_a_stick":1,"minecraft:stone_button":1,"minecraft:leather_helmet":1,"minecraft:shears":2},"minecraft:custom":{"minecraft:mob_kills":19,"minecraft:tune_noteblock":5,"minecraft:leave_game":5,"minecraft:time_since_death":511409,"minecraft:climb_one_cm":594,"minecraft:time_since_rest":511409,"minecraft:walk_one_cm":3524483,"minecraft:sprint_one_cm":3074030,"minecraft:damage_taken":6595,"minecraft:drop":395,"minecraft:damage_dealt":10035,"minecraft:interact_with_beacon":1,"minecraft:swim_one_cm":1907,"minecraft:talked_to_villager":1,"minecraft:fly_one_cm":6211622,"minecraft:open_chest":2,"minecraft:crouch_one_cm":28416,"minecraft:play_time":648123,"minecraft:deaths":1,"minecraft:sneak_time":13466,"minecraft:walk_under_water_one_cm":426318,"minecraft:aviate_one_cm":1469483,"minecraft:jump":5158,"minecraft:interact_with_brewingstand":1,"minecraft:walk_on_water_one_cm":35719,"minecraft:total_world_time":649838,"minecraft:fall_one_cm":190151},"minecraft:used":{"minecraft:short_grass":1,"minecraft:iron_bars":16,"minecraft:polished_deepslate":56,"minecraft:spruce_door":8,"minecraft:oak_planks":3,"minecraft:birch_planks":175,"minecraft:lime_wool":26,"minecraft:armor_stand":236,"minecraft:carrot_on_a_stick":624,"minecraft:spruce_slab":59,"minecraft:polished_andesite":11,"minecraft:prismarine":120,"minecraft:mangrove_planks":1,"minecraft:elytra":1,"minecraft:mangrove_fence_gate":1,"minecraft:oak_sign":1,"minecraft:polished_diorite_slab":1,"minecraft:black_carpet":7,"minecraft:blackstone":1,"minecraft:spruce_planks":24,"minecraft:decorated_pot":2,"minecraft:chest":1,"minecraft:sandstone":6,"minecraft:stone":19,"minecraft:beacon":35,"minecraft:mangrove_fence":2,"minecraft:glow_ink_sac":1,"minecraft:oak_leaves":8,"minecraft:debug_stick":50,"minecraft:white_wool":4,"minecraft:polished_deepslate_slab":35,"minecraft:dirt":12,"minecraft:sand":43,"minecraft:terracotta":32,"minecraft:light_blue_concrete":1,"minecraft:oak_slab":2,"minecraft:tnt":506,"minecraft:spruce_stairs":46,"minecraft:note_block":13,"minecraft:orange_wool":51,"minecraft:deepslate_brick_slab":67,"minecraft:yellow_carpet":13,"minecraft:gray_concrete":135,"minecraft:stone_brick_wall":4,"minecraft:painting":38,"minecraft:blue_concrete":5,"minecraft:spruce_log":6,"minecraft:glass":19,"minecraft:waxed_copper_trapdoor":3,"minecraft:polished_deepslate_stairs":2,"minecraft:deepslate_tiles":8,"minecraft:polished_tuff":10,"minecraft:redstone_torch":30,"minecraft:oak_log":17,"minecraft:polished_tuff_slab":243,"minecraft:black_wool":26,"minecraft:dark_oak_planks":14,"minecraft:lever":4,"minecraft:flower_pot":3,"minecraft:light":21,"minecraft:black_concrete":8,"minecraft:cyan_terracotta":12,"minecraft:bricks":1,"minecraft:firework_rocket":97,"minecraft:stripped_jungle_log":3,"minecraft:quartz_slab":16,"minecraft:command_block":1,"minecraft:red_wool":96,"minecraft:grass_block":11,"minecraft:oak_stairs":3,"minecraft:oak_button":1,"minecraft:polished_deepslate_wall":38,"minecraft:quartz_block":38,"minecraft:tuff_brick_wall":1,"minecraft:waxed_exposed_copper_trapdoor":3,"minecraft:stone_slab":7,"minecraft:dark_oak_leaves":3,"minecraft:red_terracotta":3,"minecraft:spruce_trapdoor":12,"minecraft:smooth_quartz":71,"minecraft:iron_door":11,"minecraft:pink_wool":1,"minecraft:stone_brick_stairs":41,"minecraft:yellow_wool":87,"minecraft:stone_bricks":17,"minecraft:soul_lantern":5,"minecraft:red_carpet":2,"minecraft:cobblestone":16,"minecraft:black_stained_glass":15,"minecraft:glass_pane":12,"minecraft:chain":3,"minecraft:polished_diorite_stairs":4,"minecraft:smooth_stone_slab":64,"minecraft:skeleton_skull":1,"minecraft:white_concrete":96,"minecraft:kelp":173,"minecraft:seagrass":548,"minecraft:bone_meal":451,"minecraft:smooth_stone":9,"minecraft:stripped_spruce_wood":69,"minecraft:gray_stained_glass":9},"minecraft:killed":{"minecraft:pig":6,"minecraft:iron_golem":1,"minecraft:sheep":2,"minecraft:horse":2,"minecraft:villager":8}},"DataVersion":3953}