{"stats":{"minecraft:crafted":{"minecraft:oak_planks":484,"minecraft:lightning_rod":1,"minecraft:furnace":3,"minecraft:cooked_mutton":2,"minecraft:flint_and_steel":2,"minecraft:iron_boots":1,"minecraft:ladder":21,"minecraft:stone_pickaxe":1,"minecraft:wheat":261,"minecraft:cooked_beef":3,"minecraft:emerald":12,"minecraft:cooked_porkchop":4,"minecraft:crafting_table":4,"minecraft:iron_helmet":1,"minecraft:baked_potato":29,"minecraft:copper_door":3,"minecraft:copper_ingot":13,"minecraft:birch_planks":28,"minecraft:stone_axe":4,"minecraft:bread":21,"minecraft:air":0,"minecraft:iron_chestplate":1,"minecraft:book":1,"minecraft:paper":3,"minecraft:charcoal":4,"minecraft:stick":68,"minecraft:iron_ingot":34,"minecraft:iron_pickaxe":2,"minecraft:stone_sword":3,"minecraft:writable_book":1,"minecraft:iron_leggings":1,"minecraft:torch":16,"minecraft:shears":1},"minecraft:used":{"minecraft:writable_book":1,"minecraft:stone_sword":148,"minecraft:flint_and_steel":76,"minecraft:carved_pumpkin":1,"minecraft:poppy":1,"minecraft:ladder":21,"minecraft:chest":1,"minecraft:cooked_salmon":31,"minecraft:netherrack":18,"minecraft:torch":33,"minecraft:dirt":26,"minecraft:magma_block":12,"minecraft:hay_block":1,"minecraft:written_book":1,"minecraft:oak_sapling":36,"minecraft:furnace":5,"minecraft:egg":1,"minecraft:potato":80,"minecraft:pumpkin":1,"minecraft:cooked_mutton":2,"minecraft:copper_door":3,"minecraft:birch_planks":2,"minecraft:stone_pickaxe":88,"minecraft:oak_planks":45,"minecraft:blue_bed":2,"minecraft:white_wool":7,"minecraft:rail":2,"minecraft:crafting_table":6,"minecraft:red_bed":2,"minecraft:white_bed":4,"minecraft:shears":1,"minecraft:lightning_rod":1,"minecraft:bread":5,"minecraft:iron_pickaxe":126,"minecraft:gravel":3,"minecraft:stone_axe":364,"minecraft:pink_bed":2,"minecraft:cobblestone":19,"minecraft:oak_boat":1,"minecraft:gray_wool":4,"minecraft:bone_meal":5},"minecraft:custom":{"minecraft:mob_kills":61,"minecraft:interact_with_crafting_table":38,"minecraft:open_barrel":16,"minecraft:bell_ring":1,"minecraft:leave_game":2,"minecraft:time_since_death":25625,"minecraft:climb_one_cm":13474,"minecraft:sprint_one_cm":362935,"minecraft:walk_one_cm":315974,"minecraft:drop":48,"minecraft:talked_to_villager":35,"minecraft:play_time":136002,"minecraft:deaths":19,"minecraft:sneak_time":4186,"minecraft:walk_under_water_one_cm":17939,"minecraft:boat_one_cm":26125,"minecraft:jump":2565,"minecraft:interact_with_blast_furnace":3,"minecraft:walk_on_water_one_cm":27359,"minecraft:total_world_time":136002,"minecraft:interact_with_furnace":45,"minecraft:traded_with_villager":12,"minecraft:sleep_in_bed":9,"minecraft:time_since_rest":25663,"minecraft:damage_taken":7472,"minecraft:damage_dealt":9137,"minecraft:player_kills":1,"minecraft:swim_one_cm":72421,"minecraft:fly_one_cm":434050,"minecraft:open_chest":71,"minecraft:crouch_one_cm":7983,"minecraft:interact_with_smoker":7,"minecraft:fall_one_cm":82228},"minecraft:broken":{"minecraft:stone_sword":1,"minecraft:flint_and_steel":1,"minecraft:stone_axe":2},"minecraft:dropped":{"minecraft:wheat_seeds":6,"minecraft:cobblestone":1,"minecraft:oak_fence":1,"minecraft:feather":2,"minecraft:granite":8,"minecraft:coal":1,"minecraft:stick":1,"minecraft:dirt":2,"minecraft:diorite":8,"minecraft:brown_wool":1,"minecraft:cooked_salmon":11,"minecraft:white_wool":2,"minecraft:sugar_cane":1,"minecraft:raw_copper":14,"minecraft:white_bed":2,"minecraft:pumpkin_seeds":4,"minecraft:gunpowder":1,"minecraft:beetroot_seeds":7,"minecraft:oak_sapling":7,"minecraft:stone_pickaxe":1,"minecraft:written_book":1},"minecraft:killed_by":{"minecraft:player":7,"minecraft:creeper":1,"minecraft:enderman":1,"minecraft:skeleton":5},"minecraft:killed":{"minecraft:cave_spider":1,"minecraft:spider":2,"minecraft:horse":3,"minecraft:skeleton":4,"minecraft:chicken":4,"minecraft:pig":4,"minecraft:zombie_villager":1,"minecraft:salmon":3,"minecraft:creeper":3,"minecraft:squid":2,"minecraft:sheep":10,"minecraft:zombie":6,"minecraft:cow":15},"minecraft:picked_up":{"minecraft:crafting_table":3,"minecraft:wheat":23,"minecraft:chicken":7,"minecraft:cornflower":3,"minecraft:string":25,"minecraft:red_bed":2,"minecraft:raw_copper":33,"minecraft:cooked_salmon":42,"minecraft:beetroot":3,"minecraft:beef":30,"minecraft:oak_boat":1,"minecraft:sugar_cane":22,"minecraft:chest":1,"minecraft:egg":1,"minecraft:furnace":2,"minecraft:stick":19,"minecraft:raw_iron":22,"minecraft:oak_fence":1,"minecraft:torch":22,"minecraft:porkchop":7,"minecraft:diorite":8,"minecraft:carrot":197,"minecraft:arrow":4,"minecraft:rotten_flesh":11,"minecraft:beetroot_seeds":7,"minecraft:hay_block":31,"minecraft:carved_pumpkin":1,"minecraft:mutton":11,"minecraft:white_wool":15,"minecraft:rail":2,"minecraft:cobblestone":73,"minecraft:stripped_oak_log":1,"minecraft:birch_log":7,"minecraft:magma_block":13,"minecraft:feather":16,"minecraft:salmon":1,"minecraft:brown_wool":1,"minecraft:leather":19,"minecraft:yellow_dye":1,"minecraft:potato":375,"minecraft:flint":3,"minecraft:oak_log":237,"minecraft:gunpowder":3,"minecraft:blue_bed":2,"minecraft:dirt":41,"minecraft:bone":12,"minecraft:apple":6,"minecraft:bow":1,"minecraft:wheat_seeds":68,"minecraft:stone_pickaxe":2,"minecraft:oak_planks":2,"minecraft:pink_bed":2,"minecraft:cooked_porkchop":6,"minecraft:pumpkin":13,"minecraft:poisonous_potato":5,"minecraft:gravel":12,"minecraft:ink_sac":2,"minecraft:white_bed":6,"minecraft:spider_eye":2,"minecraft:pumpkin_seeds":4,"minecraft:granite":8,"minecraft:bone_meal":5,"minecraft:gray_wool":4,"minecraft:oak_sapling":55,"minecraft:netherrack":18,"minecraft:coal":121},"minecraft:mined":{"minecraft:white_bed":5,"minecraft:oak_sapling":2,"minecraft:pink_bed":2,"minecraft:carved_pumpkin":1,"minecraft:grass_block":10,"minecraft:hay_block":32,"minecraft:magma_block":12,"minecraft:carrots":82,"minecraft:iron_ore":22,"minecraft:fire":24,"minecraft:pumpkin":14,"minecraft:azure_bluet":1,"minecraft:potatoes":159,"minecraft:stripped_oak_log":1,"minecraft:stone":38,"minecraft:white_wool":2,"minecraft:oak_slab":3,"minecraft:red_bed":1,"minecraft:cornflower":3,"minecraft:crafting_table":3,"minecraft:torch":15,"minecraft:short_grass":21,"minecraft:chest":1,"minecraft:tall_grass":5,"minecraft:cobblestone":7,"minecraft:oak_planks":1,"minecraft:sugar_cane":7,"minecraft:blue_bed":2,"minecraft:wall_torch":9,"minecraft:gray_wool":2,"minecraft:birch_log":7,"minecraft:wheat":25,"minecraft:coal_ore":99,"minecraft:oak_log":251,"minecraft:beetroots":4,"minecraft:gravel":13,"minecraft:dirt":24,"minecraft:cobweb":21,"minecraft:netherrack":21,"minecraft:oak_leaves":67}},"DataVersion":3955}