{"stats":{"minecraft:custom":{"minecraft:time_since_rest":62114,"minecraft:damage_dealt":2678,"minecraft:damage_taken":3061,"minecraft:leave_game":3,"minecraft:crouch_one_cm":1702,"minecraft:play_time":149987,"minecraft:time_since_death":62114,"minecraft:sprint_one_cm":1288011,"minecraft:walk_one_cm":1374118,"minecraft:deaths":2,"minecraft:sneak_time":558,"minecraft:total_world_time":149987,"minecraft:fall_one_cm":131800,"minecraft:drop":128,"minecraft:fly_one_cm":223932,"minecraft:player_kills":1,"minecraft:jump":1001},"minecraft:dropped":{"minecraft:stone_button":2,"minecraft:paper":1,"minecraft:shears":1,"minecraft:carrot_on_a_stick":124},"minecraft:killed_by":{"minecraft:player":1},"minecraft:used":{"minecraft:carrot_on_a_stick":130},"minecraft:picked_up":{"minecraft:stone_button":1}},"DataVersion":3953}