{"stats":{"minecraft:crafted":{"minecraft:oak_planks":4,"minecraft:baked_potato":177,"minecraft:cooked_salmon":12,"minecraft:cooked_mutton":8,"minecraft:air":0,"minecraft:stick":4,"minecraft:iron_ingot":6,"minecraft:stone_hoe":2},"minecraft:used":{"minecraft:cooked_mutton":2,"minecraft:stone_sword":101,"minecraft:stone_pickaxe":59,"minecraft:oak_planks":27,"minecraft:chest":1,"minecraft:shield":5,"minecraft:cooked_salmon":12,"minecraft:stone_hoe":144,"minecraft:dirt":122,"minecraft:carrot":23,"minecraft:black_bed":1,"minecraft:oak_log":1,"minecraft:apple":2,"minecraft:iron_pickaxe":92,"minecraft:stone_axe":72,"minecraft:cobblestone":84,"minecraft:oak_sapling":17,"minecraft:potato":209},"minecraft:custom":{"minecraft:interact_with_furnace":23,"minecraft:mob_kills":20,"minecraft:interact_with_crafting_table":4,"minecraft:open_barrel":3,"minecraft:bell_ring":3,"minecraft:leave_game":1,"minecraft:time_since_death":3466,"minecraft:sleep_in_bed":9,"minecraft:climb_one_cm":4138,"minecraft:time_since_rest":3514,"minecraft:sprint_one_cm":360946,"minecraft:damage_taken":3523,"minecraft:walk_one_cm":467536,"minecraft:damage_blocked_by_shield":303,"minecraft:drop":7,"minecraft:damage_dealt":2143,"minecraft:swim_one_cm":42638,"minecraft:fly_one_cm":139013,"minecraft:player_kills":2,"minecraft:open_chest":49,"minecraft:crouch_one_cm":9693,"minecraft:play_time":141741,"minecraft:deaths":9,"minecraft:sneak_time":2847,"minecraft:walk_under_water_one_cm":22367,"minecraft:boat_one_cm":12006,"minecraft:jump":1390,"minecraft:interact_with_blast_furnace":9,"minecraft:walk_on_water_one_cm":27656,"minecraft:interact_with_smoker":10,"minecraft:total_world_time":141741,"minecraft:fall_one_cm":27175},"minecraft:broken":{"minecraft:stone_pickaxe":1,"minecraft:stone_axe":1,"minecraft:stone_hoe":1},"minecraft:dropped":{"minecraft:stone_axe":1,"minecraft:cooked_mutton":1,"minecraft:dirt":1,"minecraft:stone_pickaxe":1,"minecraft:magma_block":3},"minecraft:killed_by":{"minecraft:player":3,"minecraft:creeper":1,"minecraft:zombie":1,"minecraft:drowned":1},"minecraft:killed":{"minecraft:pig":3,"minecraft:salmon":12,"minecraft:frog":1,"minecraft:zombie":3,"minecraft:chicken":1},"minecraft:picked_up":{"minecraft:crafting_table":1,"minecraft:magma_block":3,"minecraft:iron_chestplate":2,"minecraft:wheat":65,"minecraft:feather":2,"minecraft:ladder":12,"minecraft:chicken":1,"minecraft:water_bucket":2,"minecraft:salmon":12,"minecraft:black_bed":1,"minecraft:potato":676,"minecraft:oak_log":55,"minecraft:shield":2,"minecraft:red_bed":1,"minecraft:dirt":195,"minecraft:raw_copper":18,"minecraft:cooked_mutton":4,"minecraft:bone":2,"minecraft:beetroot":3,"minecraft:apple":4,"minecraft:wheat_seeds":83,"minecraft:beef":4,"minecraft:iron_ingot":15,"minecraft:stone_pickaxe":3,"minecraft:poppy":6,"minecraft:iron_pickaxe":2,"minecraft:chest":3,"minecraft:oak_planks":18,"minecraft:egg":8,"minecraft:oak_slab":1,"minecraft:stick":20,"minecraft:raw_iron":19,"minecraft:torch":24,"minecraft:porkchop":18,"minecraft:spruce_sapling":3,"minecraft:ink_sac":4,"minecraft:spruce_log":8,"minecraft:carrot":65,"minecraft:rotten_flesh":5,"minecraft:stone_sword":2,"minecraft:arrow":4,"minecraft:stone_shovel":2,"minecraft:beetroot_seeds":19,"minecraft:stone_axe":1,"minecraft:carved_pumpkin":1,"minecraft:oak_sapling":23,"minecraft:coal":18,"minecraft:rail":1,"minecraft:cobblestone":95},"minecraft:mined":{"minecraft:oak_sapling":5,"minecraft:red_bed":1,"minecraft:crafting_table":1,"minecraft:carved_pumpkin":1,"minecraft:short_grass":2,"minecraft:grass_block":16,"minecraft:chest":1,"minecraft:copper_ore":6,"minecraft:cobblestone":18,"minecraft:spruce_leaves":6,"minecraft:oak_planks":18,"minecraft:seagrass":1,"minecraft:tall_seagrass":2,"minecraft:magma_block":6,"minecraft:carrots":23,"minecraft:fire":8,"minecraft:iron_ore":19,"minecraft:wheat":32,"minecraft:spruce_log":8,"minecraft:coal_ore":20,"minecraft:potatoes":153,"minecraft:oak_log":52,"minecraft:beetroots":5,"minecraft:dirt":26,"minecraft:stone":79,"minecraft:oak_leaves":7}},"DataVersion":3955}