{"stats":{"minecraft:crafted":{"minecraft:cooked_beef":4,"minecraft:oak_planks":24,"minecraft:crafting_table":1,"minecraft:wooden_pickaxe":1,"minecraft:furnace":1,"minecraft:cooked_salmon":11,"minecraft:cooked_mutton":7,"minecraft:air":0,"minecraft:iron_axe":1,"minecraft:stick":12,"minecraft:iron_ingot":15,"minecraft:stone_pickaxe":1,"minecraft:stone_sword":1,"minecraft:chest":1,"minecraft:torch":24,"minecraft:smoker":1},"minecraft:used":{"minecraft:cooked_mutton":7,"minecraft:stone_sword":66,"minecraft:stone_pickaxe":69,"minecraft:shield":1,"minecraft:chest":1,"minecraft:wooden_pickaxe":18,"minecraft:torch":2,"minecraft:dirt":3,"minecraft:crafting_table":1,"minecraft:white_bed":1,"minecraft:smoker":1,"minecraft:iron_axe":87,"minecraft:iron_pickaxe":65,"minecraft:oak_sapling":5,"minecraft:cooked_beef":1},"minecraft:custom":{"minecraft:interact_with_furnace":12,"minecraft:mob_kills":22,"minecraft:interact_with_crafting_table":8,"minecraft:time_since_death":23358,"minecraft:sleep_in_bed":5,"minecraft:time_since_rest":390,"minecraft:sprint_one_cm":171052,"minecraft:damage_taken":630,"minecraft:walk_one_cm":176251,"minecraft:damage_blocked_by_shield":20,"minecraft:drop":18,"minecraft:damage_dealt":1986,"minecraft:swim_one_cm":5922,"minecraft:fly_one_cm":55011,"minecraft:open_chest":5,"minecraft:play_time":57488,"minecraft:deaths":1,"minecraft:sneak_time":38,"minecraft:walk_under_water_one_cm":16419,"minecraft:jump":533,"minecraft:walk_on_water_one_cm":21164,"minecraft:interact_with_smoker":18,"minecraft:total_world_time":57488,"minecraft:fall_one_cm":8992},"minecraft:dropped":{"minecraft:iron_ingot":12,"minecraft:cobblestone":15,"minecraft:cooked_salmon":6},"minecraft:killed":{"minecraft:zombie_villager":1,"minecraft:salmon":8,"minecraft:spider":3,"minecraft:skeleton":2,"minecraft:sheep":2,"minecraft:zombie":2,"minecraft:chicken":4},"minecraft:picked_up":{"minecraft:iron_chestplate":1,"minecraft:feather":10,"minecraft:cooked_beef":4,"minecraft:chicken":4,"minecraft:salmon":8,"minecraft:wooden_pickaxe":1,"minecraft:flint":2,"minecraft:oak_log":105,"minecraft:shield":2,"minecraft:string":6,"minecraft:dirt":14,"minecraft:raw_copper":60,"minecraft:cooked_salmon":5,"minecraft:cooked_mutton":1,"minecraft:bone":2,"minecraft:apple":3,"minecraft:wheat_seeds":1,"minecraft:stone_pickaxe":1,"minecraft:iron_pickaxe":2,"minecraft:oak_planks":11,"minecraft:egg":6,"minecraft:stick":17,"minecraft:raw_iron":11,"minecraft:torch":9,"minecraft:gravel":2,"minecraft:diorite":1,"minecraft:white_bed":1,"minecraft:stone_sword":1,"minecraft:rotten_flesh":2,"minecraft:granite":8,"minecraft:bone_meal":2,"minecraft:oak_sapling":17,"minecraft:mutton":6,"minecraft:coal":32,"minecraft:cobblestone":120,"minecraft:white_wool":4},"minecraft:mined":{"minecraft:dandelion":1,"minecraft:cornflower":1,"minecraft:torch":1,"minecraft:granite":8,"minecraft:short_grass":6,"minecraft:copper_ore":9,"minecraft:diorite":1,"minecraft:iron_ore":11,"minecraft:azure_bluet":1,"minecraft:oak_log":81,"minecraft:coal_ore":32,"minecraft:gravel":4,"minecraft:dirt":9,"minecraft:stone":81,"minecraft:oak_leaves":15}},"DataVersion":3955}