{"stats":{"minecraft:mined":{"minecraft:large_fern":1,"minecraft:coal_ore":18,"minecraft:gravel":3,"minecraft:copper_ore":2,"minecraft:spruce_leaves":3,"minecraft:spruce_log":8,"minecraft:stone":60,"minecraft:sugar_cane":1},"minecraft:custom":{"minecraft:time_since_rest":8200,"minecraft:crouch_one_cm":23,"minecraft:play_time":17166,"minecraft:sprint_one_cm":86706,"minecraft:deaths":1,"minecraft:damage_taken":330,"minecraft:walk_one_cm":51733,"minecraft:sneak_time":1,"minecraft:mob_kills":1,"minecraft:drop":1,"minecraft:boat_one_cm":86002,"minecraft:jump":35,"minecraft:damage_dealt":270,"minecraft:time_since_death":8070,"minecraft:total_world_time":17166,"minecraft:interact_with_crafting_table":2,"minecraft:fall_one_cm":269,"minecraft:fly_one_cm":3296},"minecraft:used":{"minecraft:spruce_boat":2,"minecraft:torch":2,"minecraft:wooden_axe":17,"minecraft:stone_pickaxe":80},"minecraft:dropped":{"minecraft:wooden_axe":1},"minecraft:picked_up":{"minecraft:wooden_axe":2,"minecraft:rotten_flesh":2,"minecraft:spruce_boat":2,"minecraft:gravel":3,"minecraft:stone_pickaxe":1,"minecraft:spruce_log":8,"minecraft:sugar_cane":11,"minecraft:coal":18,"minecraft:cobblestone":62,"minecraft:raw_copper":5},"minecraft:crafted":{"minecraft:torch":16,"minecraft:spruce_planks":8,"minecraft:stick":4},"minecraft:killed":{"minecraft:zombie":1},"minecraft:killed_by":{"minecraft:skeleton":1}},"DataVersion":3955}