{"stats":{"minecraft:mined":{"minecraft:large_fern":1,"minecraft:brown_mushroom":4,"minecraft:ice":1,"minecraft:spruce_log":16,"minecraft:pumpkin":2,"minecraft:crafting_table":2,"minecraft:grass_block":2,"minecraft:coal_ore":18,"minecraft:chest":1,"minecraft:gravel":3,"minecraft:sand":1,"minecraft:copper_ore":2,"minecraft:spruce_leaves":13,"minecraft:stone":60,"minecraft:sugar_cane":1},"minecraft:custom":{"minecraft:time_since_rest":20200,"minecraft:sprint_one_cm":95275,"minecraft:damage_taken":460,"minecraft:walk_one_cm":154864,"minecraft:mob_kills":3,"minecraft:drop":3,"minecraft:damage_dealt":378,"minecraft:interact_with_crafting_table":4,"minecraft:fly_one_cm":3421,"minecraft:open_chest":1,"minecraft:crouch_one_cm":23,"minecraft:play_time":29166,"minecraft:deaths":1,"minecraft:sneak_time":1,"minecraft:walk_under_water_one_cm":2749,"minecraft:boat_one_cm":86002,"minecraft:jump":161,"minecraft:time_since_death":20070,"minecraft:walk_on_water_one_cm":1181,"minecraft:total_world_time":29166,"minecraft:fall_one_cm":604},"minecraft:used":{"minecraft:spruce_boat":2,"minecraft:wooden_axe":17,"minecraft:stone_pickaxe":82,"minecraft:rotten_flesh":1,"minecraft:stone_axe":6,"minecraft:torch":2,"minecraft:crafting_table":2},"minecraft:dropped":{"minecraft:wooden_axe":1,"minecraft:coal":14},"minecraft:picked_up":{"minecraft:wooden_axe":2,"minecraft:stick":2,"minecraft:crafting_table":2,"minecraft:pumpkin":2,"minecraft:brown_mushroom":4,"minecraft:gravel":3,"minecraft:sand":1,"minecraft:spruce_sapling":2,"minecraft:spruce_log":16,"minecraft:dirt":2,"minecraft:raw_copper":5,"minecraft:rotten_flesh":3,"minecraft:spruce_boat":2,"minecraft:rabbit_hide":1,"minecraft:stone_pickaxe":1,"minecraft:rabbit":1,"minecraft:sugar_cane":11,"minecraft:chest":1,"minecraft:coal":32,"minecraft:cobblestone":62},"minecraft:crafted":{"minecraft:crafting_table":1,"minecraft:spruce_planks":12,"minecraft:stick":8,"minecraft:bowl":4,"minecraft:torch":16,"minecraft:stone_axe":1},"minecraft:killed_by":{"minecraft:skeleton":1},"minecraft:killed":{"minecraft:zombie":1,"minecraft:rabbit":2}},"DataVersion":3955}