{"stats":{"minecraft:mined":{"minecraft:brown_mushroom":4,"minecraft:crafting_table":2,"minecraft:granite":10,"minecraft:grass_block":2,"minecraft:poppy":1,"minecraft:chest":1,"minecraft:copper_ore":3,"minecraft:spruce_leaves":13,"minecraft:sugar_cane":1,"minecraft:wall_torch":2,"minecraft:large_fern":1,"minecraft:ice":1,"minecraft:spruce_log":16,"minecraft:andesite":6,"minecraft:pumpkin":2,"minecraft:coal_ore":18,"minecraft:gravel":3,"minecraft:sand":1,"minecraft:dirt":1,"minecraft:stone":104},"minecraft:custom":{"minecraft:interact_with_furnace":1,"minecraft:mob_kills":4,"minecraft:interact_with_crafting_table":7,"minecraft:time_since_death":56070,"minecraft:sleep_in_bed":5,"minecraft:time_since_rest":4716,"minecraft:sprint_one_cm":178176,"minecraft:damage_taken":493,"minecraft:walk_one_cm":279565,"minecraft:drop":5,"minecraft:damage_dealt":408,"minecraft:fly_one_cm":18710,"minecraft:open_chest":12,"minecraft:crouch_one_cm":23,"minecraft:play_time":65166,"minecraft:deaths":1,"minecraft:sneak_time":1,"minecraft:walk_under_water_one_cm":10727,"minecraft:boat_one_cm":127707,"minecraft:jump":449,"minecraft:walk_on_water_one_cm":10933,"minecraft:total_world_time":65166,"minecraft:interact_with_smoker":1,"minecraft:fall_one_cm":1775},"minecraft:used":{"minecraft:stone_pickaxe":146,"minecraft:poppy":2,"minecraft:blue_bed":1,"minecraft:rotten_flesh":1,"minecraft:torch":12,"minecraft:dirt":1,"minecraft:crafting_table":2,"minecraft:spruce_boat":2,"minecraft:wooden_axe":17,"minecraft:stone_axe":7,"minecraft:cooked_rabbit":1,"minecraft:cooked_beef":4,"minecraft:pumpkin":2},"minecraft:dropped":{"minecraft:cooked_porkchop":1,"minecraft:white_bed":1,"minecraft:coal":14,"minecraft:wooden_axe":1},"minecraft:picked_up":{"minecraft:wooden_axe":2,"minecraft:crafting_table":2,"minecraft:cooked_beef":1,"minecraft:andesite":7,"minecraft:brown_mushroom":4,"minecraft:cooked_rabbit":2,"minecraft:shield":1,"minecraft:dirt":3,"minecraft:blue_bed":1,"minecraft:raw_copper":10,"minecraft:rabbit_hide":2,"minecraft:iron_ingot":4,"minecraft:stone_pickaxe":1,"minecraft:cooked_chicken":1,"minecraft:poppy":2,"minecraft:rabbit":2,"minecraft:sugar_cane":11,"minecraft:chest":1,"minecraft:stick":2,"minecraft:cooked_porkchop":2,"minecraft:pumpkin":2,"minecraft:torch":3,"minecraft:gravel":7,"minecraft:sand":1,"minecraft:spruce_sapling":2,"minecraft:white_bed":1,"minecraft:spruce_log":16,"minecraft:rotten_flesh":3,"minecraft:spruce_boat":2,"minecraft:granite":10,"minecraft:coal":32,"minecraft:cobblestone":109},"minecraft:crafted":{"minecraft:crafting_table":1,"minecraft:spruce_planks":40,"minecraft:bowl":4,"minecraft:stone_axe":1,"minecraft:stick":20,"minecraft:stone_pickaxe":1,"minecraft:torch":64},"minecraft:killed_by":{"minecraft:skeleton":1},"minecraft:killed":{"minecraft:rabbit":3,"minecraft:zombie":1}},"DataVersion":3955}