{"stats":{"minecraft:mined":{"minecraft:large_fern":1,"minecraft:brown_mushroom":4,"minecraft:ice":1,"minecraft:spruce_log":16,"minecraft:andesite":6,"minecraft:pumpkin":2,"minecraft:crafting_table":2,"minecraft:granite":6,"minecraft:grass_block":2,"minecraft:coal_ore":18,"minecraft:chest":1,"minecraft:dirt":1,"minecraft:gravel":3,"minecraft:sand":1,"minecraft:copper_ore":3,"minecraft:spruce_leaves":13,"minecraft:stone":87,"minecraft:sugar_cane":1,"minecraft:wall_torch":2},"minecraft:custom":{"minecraft:time_since_rest":44200,"minecraft:interact_with_furnace":1,"minecraft:sprint_one_cm":135719,"minecraft:damage_taken":483,"minecraft:walk_one_cm":258660,"minecraft:mob_kills":4,"minecraft:drop":4,"minecraft:damage_dealt":408,"minecraft:interact_with_crafting_table":6,"minecraft:fly_one_cm":11630,"minecraft:open_chest":6,"minecraft:crouch_one_cm":23,"minecraft:play_time":53166,"minecraft:deaths":1,"minecraft:sneak_time":1,"minecraft:walk_under_water_one_cm":10254,"minecraft:boat_one_cm":111717,"minecraft:jump":385,"minecraft:time_since_death":44070,"minecraft:walk_on_water_one_cm":10908,"minecraft:interact_with_smoker":1,"minecraft:total_world_time":53166,"minecraft:fall_one_cm":1231},"minecraft:used":{"minecraft:spruce_boat":2,"minecraft:wooden_axe":17,"minecraft:stone_pickaxe":125,"minecraft:rotten_flesh":1,"minecraft:stone_axe":7,"minecraft:torch":9,"minecraft:crafting_table":2,"minecraft:cooked_rabbit":1,"minecraft:cooked_beef":3},"minecraft:dropped":{"minecraft:cooked_porkchop":1,"minecraft:wooden_axe":1,"minecraft:coal":14},"minecraft:picked_up":{"minecraft:wooden_axe":2,"minecraft:stick":2,"minecraft:crafting_table":2,"minecraft:cooked_beef":1,"minecraft:cooked_porkchop":2,"minecraft:pumpkin":2,"minecraft:andesite":6,"minecraft:brown_mushroom":4,"minecraft:torch":2,"minecraft:cooked_rabbit":2,"minecraft:gravel":7,"minecraft:sand":1,"minecraft:spruce_sapling":2,"minecraft:shield":1,"minecraft:spruce_log":16,"minecraft:blue_bed":1,"minecraft:dirt":3,"minecraft:raw_copper":10,"minecraft:rotten_flesh":3,"minecraft:spruce_boat":2,"minecraft:rabbit_hide":2,"minecraft:granite":6,"minecraft:stone_pickaxe":1,"minecraft:cooked_chicken":1,"minecraft:rabbit":2,"minecraft:sugar_cane":11,"minecraft:chest":1,"minecraft:coal":32,"minecraft:cobblestone":89},"minecraft:crafted":{"minecraft:crafting_table":1,"minecraft:spruce_planks":12,"minecraft:stick":8,"minecraft:stone_pickaxe":1,"minecraft:bowl":4,"minecraft:torch":16,"minecraft:stone_axe":1},"minecraft:killed_by":{"minecraft:skeleton":1},"minecraft:killed":{"minecraft:zombie":1,"minecraft:rabbit":3}},"DataVersion":3955}