{"stats":{"minecraft:used":{"minecraft:carrot_on_a_stick":89},"minecraft:dropped":{"minecraft:carrot_on_a_stick":98},"minecraft:custom":{"minecraft:jump":628,"minecraft:time_since_rest":150559,"minecraft:damage_dealt":1338,"minecraft:sprint_one_cm":1080677,"minecraft:play_time":150559,"minecraft:damage_taken":4110,"minecraft:time_since_death":150559,"minecraft:walk_one_cm":2083525,"minecraft:sneak_time":164,"minecraft:total_world_time":150559,"minecraft:drop":98,"minecraft:fall_one_cm":25177,"minecraft:fly_one_cm":113255}},"DataVersion":3953}