{"stats":{"minecraft:used":{"minecraft:oak_fence":2,"minecraft:oak_trapdoor":136,"minecraft:peony":1,"minecraft:moss_block":24,"minecraft:rose_bush":3,"minecraft:iron_bars":954,"minecraft:polished_granite_stairs":62,"minecraft:polished_deepslate":760,"minecraft:dead_bush":2,"minecraft:light_gray_stained_glass_pane":8,"minecraft:red_concrete":1,"minecraft:dispenser":2,"minecraft:spruce_slab":270,"minecraft:carrot_on_a_stick":115,"minecraft:oak_sign":4,"minecraft:poppy":7,"minecraft:light_gray_carpet":3,"minecraft:black_carpet":2,"minecraft:decorated_pot":2,"minecraft:spruce_planks":4,"minecraft:stone":380,"minecraft:quartz_stairs":51,"minecraft:sandstone_wall":80,"minecraft:smooth_sandstone_stairs":92,"minecraft:farmland":2,"minecraft:cut_copper_stairs":4,"minecraft:debug_stick":188,"minecraft:dirt":9,"minecraft:spyglass":16,"minecraft:white_carpet":3,"minecraft:cut_copper":24,"minecraft:brick_slab":15,"minecraft:jungle_planks":42,"minecraft:spruce_stairs":139,"minecraft:cobblestone_wall":153,"minecraft:jungle_slab":195,"minecraft:stone_stairs":44,"minecraft:polished_granite_slab":72,"minecraft:deepslate_brick_slab":176,"minecraft:furnace_minecart":7,"minecraft:golden_shovel":101,"minecraft:jungle_trapdoor":30,"minecraft:tuff":1,"minecraft:spruce_fence":76,"minecraft:azure_bluet":16,"minecraft:stripped_spruce_log":43,"minecraft:polished_diorite":14,"minecraft:fern":25,"minecraft:polished_deepslate_stairs":498,"minecraft:andesite_wall":425,"minecraft:glass":90,"minecraft:stone_brick_slab":72,"minecraft:dark_oak_planks":8,"minecraft:cyan_terracotta":274,"minecraft:bricks":112,"minecraft:light_gray_stained_glass":1,"minecraft:quartz_pillar":43,"minecraft:mangrove_stairs":42,"minecraft:quartz_slab":84,"minecraft:red_wool":4,"minecraft:lantern":3,"minecraft:iron_block":22,"minecraft:grass_block":1309,"minecraft:oak_stairs":28,"minecraft:smooth_sandstone":42,"minecraft:brick_stairs":31,"minecraft:quartz_block":22,"minecraft:polished_deepslate_wall":318,"minecraft:polished_andesite_stairs":55,"minecraft:jungle_log":39,"minecraft:netherite_hoe":1,"minecraft:dark_oak_leaves":55,"minecraft:polished_blackstone_brick_stairs":10,"minecraft:smooth_quartz":62,"minecraft:diorite_wall":13,"minecraft:pink_wool":79,"minecraft:stone_brick_stairs":139,"minecraft:stone_bricks":530,"minecraft:item_frame":6,"minecraft:red_stained_glass_pane":1,"minecraft:red_carpet":1,"minecraft:redstone_lamp":77,"minecraft:warped_stairs":15,"minecraft:waxed_cut_copper_slab":11,"minecraft:tall_grass":61,"minecraft:pitcher_plant":1,"minecraft:iron_trapdoor":77,"minecraft:mangrove_roots":3,"minecraft:goat_horn":46,"minecraft:white_stained_glass_pane":354,"minecraft:oak_sapling":1,"minecraft:deepslate_tile_stairs":5,"minecraft:mangrove_slab":51,"minecraft:gray_bed":1,"minecraft:acacia_fence":13,"minecraft:minecart":1,"minecraft:polished_diorite_stairs":6,"minecraft:granite_wall":78,"minecraft:acacia_planks":1,"minecraft:light_gray_bed":4,"minecraft:dark_prismarine_stairs":83,"minecraft:large_fern":12,"minecraft:stripped_spruce_wood":4,"minecraft:pointed_dripstone":8,"minecraft:brown_bed":4,"minecraft:mangrove_leaves":80,"minecraft:deepslate_brick_wall":44,"minecraft:short_grass":70,"minecraft:dark_oak_stairs":18,"minecraft:water_bucket":397,"minecraft:mossy_stone_bricks":11,"minecraft:mangrove_wood":7,"minecraft:dirt_path":1,"minecraft:sandstone_stairs":58,"minecraft:spruce_door":7,"minecraft:birch_planks":55,"minecraft:gray_carpet":10,"minecraft:stripped_birch_log":21,"minecraft:red_stained_glass":1,"minecraft:polished_andesite":246,"minecraft:mangrove_planks":70,"minecraft:blackstone_stairs":3,"minecraft:prismarine":6,"minecraft:mud_brick_slab":50,"minecraft:oak_planks":37,"minecraft:smooth_sandstone_slab":245,"minecraft:blue_wool":1,"minecraft:waxed_oxidized_cut_copper":28,"minecraft:polished_diorite_slab":5,"minecraft:blackstone":5,"minecraft:cut_sandstone":164,"minecraft:redstone_block":108,"minecraft:structure_void":16,"minecraft:spruce_sign":3,"minecraft:blue_bed":3,"minecraft:spruce_fence_gate":37,"minecraft:smooth_quartz_stairs":96,"minecraft:oak_leaves":520,"minecraft:white_wool":74,"minecraft:glow_item_frame":5,"minecraft:jungle_wood":15,"minecraft:polished_deepslate_slab":387,"minecraft:mossy_cobblestone":56,"minecraft:mangrove_trapdoor":3,"minecraft:lime_terracotta":6,"minecraft:sand":61,"minecraft:rail":229,"minecraft:yellow_terracotta":43,"minecraft:vine":46,"minecraft:cut_sandstone_slab":165,"minecraft:light_blue_concrete":32,"minecraft:pitcher_pod":5,"minecraft:oak_slab":25,"minecraft:red_bed":29,"minecraft:white_bed":16,"minecraft:blackstone_wall":8,"minecraft:stone_brick_wall":160,"minecraft:gray_concrete":25,"minecraft:lingering_potion":2,"minecraft:black_bed":1,"minecraft:mangrove_sign":14,"minecraft:spruce_log":1,"minecraft:deepslate_brick_stairs":63,"minecraft:polished_tuff":164,"minecraft:deepslate_tiles":199,"minecraft:oak_log":73,"minecraft:polished_tuff_slab":253,"minecraft:blue_stained_glass_pane":1,"minecraft:flower_pot":2,"minecraft:cornflower":2,"minecraft:dark_prismarine":248,"minecraft:lever":9,"minecraft:ender_eye":13,"minecraft:light":246,"minecraft:black_concrete":164,"minecraft:black_wool":3,"minecraft:firework_rocket":8,"minecraft:stripped_jungle_log":44,"minecraft:heavy_weighted_pressure_plate":4,"minecraft:cracked_polished_blackstone_bricks":120,"minecraft:barrier":30,"minecraft:lectern":1,"minecraft:jungle_stairs":56,"minecraft:stone_slab":98,"minecraft:red_terracotta":97,"minecraft:polished_granite":95,"minecraft:spruce_trapdoor":165,"minecraft:iron_door":46,"minecraft:gravel":343,"minecraft:flowering_azalea_leaves":3,"minecraft:lilac":2,"minecraft:blackstone_slab":6,"minecraft:cobblestone":141,"minecraft:potion":1,"minecraft:andesite":1,"minecraft:jungle_door":4,"minecraft:white_stained_glass":35,"minecraft:red_banner":59,"minecraft:bucket":12,"minecraft:chain":5,"minecraft:glass_pane":136,"minecraft:smooth_stone_slab":425,"minecraft:brush":48,"minecraft:white_concrete":394,"minecraft:dandelion":4,"minecraft:gray_wool":65,"minecraft:splash_potion":2,"minecraft:smooth_stone":435,"minecraft:bone_meal":572,"minecraft:birch_stairs":68,"minecraft:gray_stained_glass":7},"minecraft:picked_up":{"minecraft:pink_wool":1,"minecraft:ender_eye":12,"minecraft:leather_chestplate":2,"minecraft:gravel":1,"minecraft:red_concrete":1},"minecraft:dropped":{"minecraft:carrot_on_a_stick":203,"minecraft:gravel":1,"minecraft:red_concrete":1,"minecraft:light_blue_concrete":1,"minecraft:pink_wool":1},"minecraft:killed":{"minecraft:cat":1,"minecraft:iron_golem":1,"minecraft:villager":8,"minecraft:cow":6},"minecraft:custom":{"minecraft:mob_kills":16,"minecraft:open_shulker_box":2,"minecraft:leave_game":14,"minecraft:time_since_death":141872,"minecraft:climb_one_cm":202,"minecraft:sprint_one_cm":2766542,"minecraft:walk_one_cm":2648729,"minecraft:drop":207,"minecraft:play_time":1687018,"minecraft:deaths":3,"minecraft:sneak_time":81866,"minecraft:walk_under_water_one_cm":44360,"minecraft:jump":6766,"minecraft:walk_on_water_one_cm":34963,"minecraft:total_world_time":1991084,"minecraft:sleep_in_bed":3,"minecraft:time_since_rest":141873,"minecraft:damage_taken":14177,"minecraft:minecart_one_cm":16320,"minecraft:damage_dealt":7227,"minecraft:swim_one_cm":1443,"minecraft:fly_one_cm":31694006,"minecraft:crouch_one_cm":38037,"minecraft:fall_one_cm":100937,"minecraft:inspect_dispenser":2},"minecraft:mined":{"minecraft:structure_void":5,"minecraft:dirt":1},"minecraft:killed_by":{"minecraft:player":3}},"DataVersion":3953}