{"stats":{"minecraft:crafted":{"minecraft:brick":15,"minecraft:black_dye":1,"minecraft:oak_door":3,"minecraft:oak_planks":300,"minecraft:barrel":5,"minecraft:pink_bed":1,"minecraft:bone_meal":45,"minecraft:pink_dye":23,"minecraft:chest":1,"minecraft:flower_pot":5,"minecraft:smoker":2,"minecraft:oak_slab":12,"minecraft:item_frame":1,"minecraft:cooked_porkchop":6,"minecraft:baked_potato":25,"minecraft:iron_sword":1,"minecraft:hay_block":7,"minecraft:stone_axe":1,"minecraft:air":0,"minecraft:iron_chestplate":1,"minecraft:charcoal":11,"minecraft:shield":1,"minecraft:stick":12,"minecraft:iron_ingot":1,"minecraft:stone_sword":1,"minecraft:black_bed":1,"minecraft:white_bed":2,"minecraft:torch":20},"minecraft:used":{"minecraft:stone_sword":125,"minecraft:stone_shovel":25,"minecraft:poppy":1,"minecraft:ladder":1,"minecraft:chest":1,"minecraft:shield":23,"minecraft:iron_sword":127,"minecraft:cooked_chicken":1,"minecraft:oak_door":2,"minecraft:torch":34,"minecraft:dirt":26,"minecraft:mutton":3,"minecraft:carrot":3,"minecraft:barrel":8,"minecraft:item_frame":1,"minecraft:bow":4,"minecraft:oak_sapling":5,"minecraft:cooked_beef":9,"minecraft:potato":118,"minecraft:water_bucket":6,"minecraft:baked_potato":7,"minecraft:oak_planks":3,"minecraft:blue_bed":3,"minecraft:crafting_table":4,"minecraft:white_bed":2,"minecraft:black_bed":3,"minecraft:smoker":2,"minecraft:flower_pot":5,"minecraft:apple":1,"minecraft:bread":9,"minecraft:iron_pickaxe":155,"minecraft:stone_axe":81,"minecraft:purple_bed":2,"minecraft:cooked_porkchop":6,"minecraft:bucket":6,"minecraft:oak_boat":6,"minecraft:dandelion":1,"minecraft:bone_meal":45},"minecraft:custom":{"minecraft:mob_kills":37,"minecraft:interact_with_crafting_table":24,"minecraft:open_barrel":8,"minecraft:time_since_death":42511,"minecraft:climb_one_cm":407,"minecraft:sprint_one_cm":701309,"minecraft:walk_one_cm":367404,"minecraft:damage_blocked_by_shield":1050,"minecraft:drop":23,"minecraft:talked_to_villager":1,"minecraft:play_time":143468,"minecraft:deaths":2,"minecraft:sneak_time":1527,"minecraft:walk_under_water_one_cm":18963,"minecraft:boat_one_cm":91452,"minecraft:jump":1721,"minecraft:interact_with_blast_furnace":3,"minecraft:walk_on_water_one_cm":11781,"minecraft:total_world_time":143468,"minecraft:interact_with_furnace":26,"minecraft:pot_flower":5,"minecraft:sleep_in_bed":12,"minecraft:time_since_rest":42634,"minecraft:damage_taken":2350,"minecraft:damage_dealt":7482,"minecraft:fly_one_cm":394648,"minecraft:swim_one_cm":55945,"minecraft:open_chest":64,"minecraft:crouch_one_cm":3971,"minecraft:interact_with_smoker":20,"minecraft:fall_one_cm":29128},"minecraft:broken":{"minecraft:stone_sword":1,"minecraft:stone_axe":1,"minecraft:iron_sword":1},"minecraft:dropped":{"minecraft:iron_ingot":9,"minecraft:cooked_beef":1,"minecraft:black_bed":1,"minecraft:gold_block":2,"minecraft:torch":20,"minecraft:brown_wool":1,"minecraft:map":3,"minecraft:fire_charge":2,"minecraft:iron_pickaxe":1,"minecraft:stone_brick_slab":1,"minecraft:sugar_cane":1,"minecraft:pink_bed":1,"minecraft:golden_shovel":1,"minecraft:potato":4,"minecraft:shield":1,"minecraft:iron_chestplate":1,"minecraft:oak_sapling":1,"minecraft:ladder":1,"minecraft:magma_block":1},"minecraft:killed_by":{"minecraft:creeper":1},"minecraft:killed":{"minecraft:spider":2,"minecraft:skeleton":3,"minecraft:drowned":1,"minecraft:pig":5,"minecraft:iron_golem":3,"minecraft:creeper":1,"minecraft:squid":1,"minecraft:sheep":8,"minecraft:zombie":5,"minecraft:cow":8},"minecraft:picked_up":{"minecraft:charcoal":5,"minecraft:crafting_table":5,"minecraft:ladder":2,"minecraft:clay_ball":92,"minecraft:wooden_pickaxe":1,"minecraft:gold_block":4,"minecraft:shield":1,"minecraft:string":169,"minecraft:raw_copper":28,"minecraft:beef":18,"minecraft:oak_boat":8,"minecraft:written_book":1,"minecraft:poppy":4,"minecraft:iron_pickaxe":2,"minecraft:sugar_cane":1,"minecraft:egg":7,"minecraft:furnace":2,"minecraft:raw_iron":48,"minecraft:stick":7,"minecraft:oak_door":2,"minecraft:oak_fence":8,"minecraft:torch":35,"minecraft:fire_charge":2,"minecraft:porkchop":10,"minecraft:diorite":1,"minecraft:carrot":3,"minecraft:rotten_flesh":11,"minecraft:stone_sword":1,"minecraft:arrow":11,"minecraft:stone_shovel":1,"minecraft:hay_block":28,"minecraft:pink_tulip":23,"minecraft:mutton":18,"minecraft:rail":1,"minecraft:cobblestone":67,"minecraft:white_wool":6,"minecraft:magma_block":1,"minecraft:feather":15,"minecraft:cooked_beef":10,"minecraft:water_bucket":1,"minecraft:andesite":3,"minecraft:leather":10,"minecraft:black_bed":3,"minecraft:brown_wool":1,"minecraft:yellow_dye":1,"minecraft:potato":214,"minecraft:oak_log":49,"minecraft:map":3,"minecraft:dirt":160,"minecraft:blue_bed":3,"minecraft:bone":15,"minecraft:bow":1,"minecraft:wheat_seeds":41,"minecraft:raw_gold":8,"minecraft:iron_ingot":18,"minecraft:oak_planks":38,"minecraft:oak_slab":1,"minecraft:stone_brick_slab":1,"minecraft:dandelion":1,"minecraft:poisonous_potato":1,"minecraft:blast_furnace":1,"minecraft:ink_sac":3,"minecraft:white_bed":2,"minecraft:barrel":3,"minecraft:purple_bed":2,"minecraft:oak_sapling":13,"minecraft:coal":61},"minecraft:mined":{"minecraft:white_bed":2,"minecraft:pink_bed":1,"minecraft:oak_door":2,"minecraft:hay_block":28,"minecraft:furnace":2,"minecraft:iron_ore":48,"minecraft:fire":8,"minecraft:barrel":3,"minecraft:andesite":3,"minecraft:gold_block":1,"minecraft:potatoes":44,"minecraft:rail":2,"minecraft:pink_tulip":23,"minecraft:stone":28,"minecraft:stone_brick_slab":1,"minecraft:dandelion":1,"minecraft:oak_fence":8,"minecraft:clay":25,"minecraft:crafting_table":3,"minecraft:torch":1,"minecraft:short_grass":29,"minecraft:blast_furnace":1,"minecraft:poppy":1,"minecraft:oak_planks":3,"minecraft:wall_torch":1,"minecraft:diorite":1,"minecraft:blue_bed":2,"minecraft:purple_bed":3,"minecraft:black_bed":3,"minecraft:coal_ore":61,"minecraft:oak_log":9,"minecraft:dirt":26,"minecraft:cobweb":164,"minecraft:gold_ore":8,"minecraft:oak_leaves":16}},"DataVersion":3955}