[
    {
      "condition": "minecraft:any_of",
      "terms": [
        {
          "condition": "minecraft:entity_properties",
          "entity": "this",
          "predicate": {
            "location": {
              "position": {
                "x": {
                  "min": -144,
                  "max": -117
                },
                "z": {
                  "min": 7,
                  "max": 46
                }
              }
            }
          }
        },
        {
          "condition": "minecraft:entity_properties",
          "entity": "this",
          "predicate": {
            "location": {
              "position": {
                "x": {
                  "min": -109,
                  "max": -82
                },
                "z": {
                  "min": 7,
                  "max": 46
                }
              }
            }
          }
        },
        {
          "condition": "minecraft:entity_properties",
          "entity": "this",
          "predicate": {
            "location": {
              "position": {
                "x": {
                  "min": -132,
                  "max": -93
                },
                "z": {
                  "min": -157,
                  "max": -130
                }
              }
            }
          }
        },
        {
          "condition": "minecraft:entity_properties",
          "entity": "this",
          "predicate": {
            "location": {
              "position": {
                "x": {
                  "min": -99,
                  "max": -72
                },
                "z": {
                  "min": -439,
                  "max": -400
                }
              }
            }
          }
        },
        {
          "condition": "minecraft:entity_properties",
          "entity": "this",
          "predicate": {
            "location": {
              "position": {
                "x": {
                  "min": 142,
                  "max": 169
                },
                "z": {
                  "min": -269,
                  "max": -230
                }
              }
            }
          }
        }
      ]
    }
  ]