[
    {
      "condition": "minecraft:any_of",
      "terms": [
        {
          "condition": "minecraft:entity_properties",
          "entity": "this",
          "predicate": {
            "location": {
              "position": {
                "x": {
                  "min": -134,
                  "max": -127
                },
                "z": {
                  "min": 7,
                  "max": 13
                }
              }
            },
            "flags": {
        "is_sprinting": true
      }
          }
        },
        {
          "condition": "minecraft:entity_properties",
          "entity": "this",
          "predicate": {
            "location": {
              "position": {
                "x": {
                  "min": -134,
                  "max": -127
                },
                "z": {
                  "min": 40,
                  "max": 46
                }
              }
            },
            "flags": {
        "is_sprinting": true
      }
          }
        },
        {
          "condition": "minecraft:entity_properties",
          "entity": "this",
          "predicate": {
            "location": {
              "position": {
                "x": {
                  "min": -99,
                  "max": -92
                },
                "z": {
                  "min": 7,
                  "max": 13
                }
              }
            },
            "flags": {
        "is_sprinting": true
      }
          }
        },
        {
          "condition": "minecraft:entity_properties",
          "entity": "this",
          "predicate": {
            "location": {
              "position": {
                "x": {
                  "min": -99,
                  "max": -92
                },
                "z": {
                  "min": 40,
                  "max": 46
                }
              }
            },
            "flags": {
        "is_sprinting": true
      }
          }
        },
        {
          "condition": "minecraft:entity_properties",
          "entity": "this",
          "predicate": {
            "location": {
              "position": {
                "x": {
                  "min": -99,
                  "max": -93
                },
                "z": {
                  "min": -147,
                  "max": -140
                }
              }
            },
            "flags": {
        "is_sprinting": true
      }
          }
        },
        {
          "condition": "minecraft:entity_properties",
          "entity": "this",
          "predicate": {
            "location": {
              "position": {
                "x": {
                  "min": -132,
                  "max": -126
                },
                "z": {
                  "min": -147,
                  "max": -140
                }
              }
            },
            "flags": {
        "is_sprinting": true
      }
          }
        },
        {
          "condition": "minecraft:entity_properties",
          "entity": "this",
          "predicate": {
            "location": {
              "position": {
                "x": {
                  "min": -89,
                  "max": -82
                },
                "z": {
                  "min": -406,
                  "max": -400
                }
              }
            },
            "flags": {
        "is_sprinting": true
      }
          }
        },
        {
          "condition": "minecraft:entity_properties",
          "entity": "this",
          "predicate": {
            "location": {
              "position": {
                "x": {
                  "min": -89,
                  "max": -82
                },
                "z": {
                  "min": -439,
                  "max": -433
                }
              }
            },
            "flags": {
        "is_sprinting": true
      }
          }
        },
        {
          "condition": "minecraft:entity_properties",
          "entity": "this",
          "predicate": {
            "location": {
              "position": {
                "x": {
                  "min": 152,
                  "max": 159
                },
                "z": {
                  "min": -269,
                  "max": -263
                }
              }
            },
            "flags": {
        "is_sprinting": true
      }
          }
        },
        {
          "condition": "minecraft:entity_properties",
          "entity": "this",
          "predicate": {
            "location": {
              "position": {
                "x": {
                  "min": 152,
                  "max": 159
                },
                "z": {
                  "min": -236,
                  "max": -230
                }
              }
            },
            "flags": {
        "is_sprinting": true
      }
          }
        }
      ]
    }
  ]